delta,theta,alpha,beta,abr,tbr,dbr,tar,dar,dtabr
246.1970872,181.6433892,167.6160559,268.642226,0.623937861,0.676153529,0.916449699,1.083687289,1.468815657,1.019675103
277.1986294,257.6169315,191.5755295,256.0558202,0.748178774,1.006096762,1.082571094,1.344727754,1.446941737,0.836982658
218.3712783,202.0847881,193.3592676,302.393072,0.639430217,0.668285112,0.722143787,1.04512595,1.129355117,1.17908238
311.8091024,264.8521012,161.7582801,308.7939248,0.523838933,0.857698549,1.009764369,1.637332574,1.92762375,0.815994213
162.3283848,144.2772703,105.9879929,253.3406413,0.418361587,0.569499112,0.640751456,1.36126052,1.531573346,1.171956968
252.829762,189.0052904,182.2219875,313.5790774,0.581103781,0.602735654,0.806271146,1.037225491,1.387482188,1.122140632
250.9723919,241.187778,236.2367393,377.1818574,0.626320526,0.639446923,0.665388292,1.020957954,1.062376634,1.246380008
248.0840516,299.0019899,251.3272867,389.6706195,0.644973663,0.767319821,0.636650646,1.189691712,0.987095571,1.171658309
203.0772398,238.5366806,179.5260505,201.4802802,0.891035342,1.183920731,1.007926134,1.328702325,1.131185359,0.862758878
237.4366695,187.2266732,168.4806646,236.1301829,0.713507534,0.792895982,1.005532908,1.111265044,1.409281415,0.952780254
180.3242312,179.4323085,134.5521492,220.3512087,0.610625873,0.814301449,0.818349181,1.333552154,1.34018098,0.986509816
281.6866142,197.8753524,142.228841,306.8996477,0.463437616,0.64475588,0.917846,1.391246325,1.980516836,0.936539008
216.2575206,219.4777756,164.655555,253.7771592,0.648819443,0.864844481,0.852155179,1.332950932,1.313393408,0.960291071
203.5663953,170.8104396,126.5528502,214.640609,0.589603481,0.795797405,0.948405785,1.34971626,1.608548484,0.911363704
303.5203915,202.7782313,158.8017585,265.169705,0.598868406,0.764711155,1.144626953,1.276926863,1.911316312,0.837394068
230.607059,215.5307328,130.346762,166.6022531,0.782382949,1.293684382,1.384177313,1.653518119,1.769181339,0.66559933
140.2998327,99.32861849,81.32985196,191.9218397,0.423765488,0.51754724,0.731025885,1.221305782,1.725071782,1.140314058
66.58458699,72.12289561,90.11631485,179.3560355,0.502443726,0.402121375,0.371242522,0.800331169,0.738873833,1.942738382
144.2545762,79.3845192,73.71804209,170.6117726,0.432080629,0.465293326,0.845513612,1.076866896,1.956842207,1.092518347
110.9683075,85.30010231,79.23638028,152.77025,0.518663682,0.558355454,0.726373803,1.076526994,1.400471691,1.182088501
181.3901286,131.9559501,117.0997822,186.750895,0.627037328,0.706588047,0.971294561,1.126867596,1.549021912,0.96969676
125.9157213,85.72935914,77.27060339,156.0121726,0.495285734,0.549504296,0.807089083,1.10946926,1.629542359,1.102235759
146.9241685,141.0377343,83.18147348,157.7881664,0.527171811,0.89384228,0.931148209,1.69554263,1.766308799,0.836810833
130.199969,94.76929006,100.6089559,205.4790131,0.489631298,0.46121153,0.633641203,0.941956799,1.294119075,1.360576864
138.9966979,84.18571476,106.4447475,183.6479563,0.579613025,0.458408122,0.756864932,0.790886509,1.305810772,1.299800913
134.2251134,118.9004818,109.0066124,183.5206197,0.59397474,0.647886227,0.731389822,1.090763938,1.23134836,1.155660421
128.7252617,87.30329201,77.42285722,158.9108675,0.487209329,0.549385283,0.810046939,1.127616509,1.662626082,1.093992996
123.7853033,81.15968747,86.53537832,167.415225,0.516890733,0.484780804,0.739390956,0.937878692,1.430458914,1.239115933
126.4246221,104.3382839,73.72123176,146.5064827,0.503194333,0.712175202,0.862928519,1.415308472,1.714901109,0.954346252
125.7865052,93.95450753,87.75663298,155.9009317,0.562899991,0.602655202,0.806836135,1.070625711,1.4333561,1.108839727
156.4346311,104.796144,77.34352128,176.3094377,0.438680551,0.594387603,0.887273155,1.354944051,2.02259515,0.970991871
132.478789,99.23291244,83.37218366,151.9715562,0.548603869,0.652970299,0.871734108,1.190240055,1.589004668,1.015674816
136.173478,61.30987264,67.39933934,136.1413979,0.495068659,0.450339673,1.000235638,0.909650944,2.020397815,1.030672898
185.7893258,126.0328487,104.2490305,193.6715153,0.538277559,0.650755732,0.959301245,1.208959432,1.78216838,0.955418088
150.1171558,101.0155787,102.0882891,196.3307921,0.519981038,0.514517247,0.764613407,0.989492327,1.470464018,1.188292246
163.0638011,213.3266767,118.4790243,192.9981447,0.613886856,1.105330194,0.844898283,1.800543835,1.376309453,0.827537324
127.9892537,89.8185576,87.5156494,166.6203106,0.525239985,0.539061278,0.768149172,1.026314245,1.462472764,1.166789926
135.3722659,107.8560836,113.7592145,160.6995811,0.707899882,0.671165929,0.842393396,0.948108547,1.189989457,1.128399696
108.9349018,85.31640601,86.37661174,178.2676153,0.484533389,0.478586118,0.611075105,0.987725778,1.261162016,1.362380671
86.49365399,75.33378158,66.06917553,142.2943137,0.464313533,0.529422291,0.60785039,1.140225846,1.309137783,1.287565909
121.602013,119.9299936,118.2072823,174.9248564,0.675760351,0.685608644,0.695167145,1.014573648,1.028718457,1.213636829
193.0219347,110.3560065,100.7646558,147.9839955,0.680915902,0.745729334,1.304343311,1.095185664,1.915571816,0.819929921
78.11760057,78.92524804,77.88009812,137.9259346,0.564651589,0.572229206,0.566373545,1.013419987,1.003049591,1.374185674
119.0679068,85.41650036,106.4166196,145.1295022,0.733252839,0.588553665,0.820425241,0.802661283,1.118884506,1.230148182
129.8244425,134.6766538,116.1187218,148.5017742,0.781934912,0.906902658,0.874228225,1.159818604,1.118031964,1.000451415
174.0548135,114.8252442,171.329635,195.6331148,0.875770113,0.586941757,0.88970016,0.670200716,1.015906054,1.270294505
85.31123714,100.7948314,92.50773542,167.3185588,0.552883889,0.60241274,0.509873129,1.089582736,0.922206524,1.396119408
99.87835189,155.9237548,107.3217451,187.9247496,0.571088935,0.829713782,0.531480564,1.452862649,0.930644128,1.15419884
94.9801895,106.3764218,92.64952063,194.8245985,0.475553505,0.546011246,0.487516413,1.148159441,1.025155758,1.427686517
95.41080916,73.90897184,78.41592674,141.9846467,0.55228455,0.520541999,0.671979762,0.942525006,1.216727432,1.301682368
118.1728248,97.92704989,66.56456174,148.706181,0.447624714,0.658527098,0.794673254,1.471158937,1.775311392,0.9961632
86.42669724,65.71281014,77.87241777,143.0622425,0.544325438,0.459330212,0.604119548,0.843852188,1.109849928,1.45218467
113.8973376,139.5764427,107.989483,187.3433777,0.576425408,0.745030032,0.607960308,1.292500333,1.054707685,1.165141658
100.1519895,78.23939839,89.08371586,180.2870605,0.494121517,0.433971236,0.555514019,0.878268241,1.124245756,1.50999877
125.4823439,134.0531757,87.12482018,150.6061558,0.578494416,0.890090946,0.833182038,1.5386336,1.44025943,0.915986283
84.17527726,80.2205612,76.91697743,128.9031629,0.59670357,0.622331985,0.653011729,1.042949995,1.09436538,1.251979017
99.72254647,82.62929193,66.90582958,141.7002007,0.472164677,0.583127557,0.70375727,1.235008854,1.490491144,1.143975472
72.97000091,60.32766173,69.7095786,147.4430071,0.472789995,0.409159193,0.494903098,0.865414236,1.046771511,1.629080221
89.82758587,59.76900945,77.27178243,150.730098,0.512649985,0.396530025,0.595949894,0.773490756,1.162488855,1.524111427
98.78350885,92.26098825,103.2021554,167.7417245,0.615244392,0.550018122,0.588902428,0.893983153,0.957184552,1.418223943
92.18704868,74.46574667,70.79980291,132.3224071,0.535055283,0.562759916,0.696685094,1.051779011,1.302080583,1.218834701
134.655578,123.2900454,116.6489172,188.0981187,0.620149303,0.655456026,0.715879451,1.056932617,1.154366292,1.181439064
239.3533593,153.9671951,124.7587518,204.444656,0.610232394,0.753099631,1.170748916,1.234119393,1.918529609,0.836985009
125.3447695,98.00576874,109.5716689,180.8963663,0.605715146,0.541778537,0.692909272,0.894444428,1.143952362,1.300502956
116.4203358,63.43749635,75.01466478,125.0112205,0.600063454,0.50745442,0.931279091,0.845667931,1.551967687,1.112133305
134.9569594,91.91716898,99.06413097,147.1733149,0.673112045,0.624550511,0.916993407,0.927855199,1.362319117,1.085348284
99.58154693,66.58544708,88.64272401,143.9350177,0.615852385,0.462607697,0.691850729,0.751166526,1.123403506,1.399662689
92.09258446,61.02650734,66.23695581,130.5313529,0.507440966,0.467523748,0.705520799,0.921336233,1.390350497,1.28506711
109.9593306,69.29258379,80.1022306,142.248797,0.563113589,0.487122459,0.773007104,0.865051863,1.372737435,1.240438789
103.7041807,84.44436636,85.86983474,131.4540644,0.653230732,0.642386881,0.788900527,0.983399661,1.207690466,1.155065519
132.963795,115.1365593,90.34525744,134.7729528,0.670351547,0.854300191,0.986576255,1.274406234,1.471729659,0.907367548
121.3141744,103.7090834,77.42870796,145.8590035,0.53084627,0.711022843,0.831722221,1.339413844,1.566785468,0.992287258
144.1575079,152.0439994,90.08409387,163.2075943,0.551960185,0.931598802,0.883276961,1.68780073,1.600254848,0.855133016
119.9653363,70.63332679,72.09009651,125.8500954,0.572825124,0.561249688,0.953239931,0.979792374,1.664102868,1.03851826
80.46009527,67.40771532,67.68701614,115.6469853,0.585289932,0.582874816,0.695738804,0.995873643,1.188707966,1.239850653
85.92465858,67.6798795,70.11624127,137.7555267,0.508990405,0.491304277,0.62374745,0.965252533,1.225460136,1.35329184
94.6697262,79.75097787,73.71908316,133.3869964,0.552670689,0.597891699,0.709737296,1.081822704,1.284195654,1.187393897
102.0799372,74.3997406,73.216186,154.5887617,0.473619073,0.481275222,0.6603322,1.016165204,1.394226369,1.290828217
198.0850839,121.1054755,90.13805312,168.2974793,0.53558766,0.719591737,1.176993766,1.343555483,2.197574466,0.809659073
80.42727812,84.35185309,77.56990305,131.3528904,0.59054584,0.642177365,0.612299264,1.087430173,1.03683613,1.267895952
232.3801377,161.745195,132.6616435,152.8905992,0.867689997,1.057914586,1.519911224,1.21923105,1.751675402,0.724521412
110.7378768,76.40104762,65.90576977,128.9478684,0.511103988,0.592495623,0.858780204,1.159246723,1.680245556,1.041224528
78.84583952,57.27430112,63.35859009,161.6113914,0.392042848,0.354395198,0.487873032,0.903970575,1.244438038,1.652731039
128.3657814,105.3582434,108.0785209,164.914502,0.655360927,0.63886585,0.778377765,0.974830545,1.187708533,1.168014384
129.1623524,88.80947936,98.56150028,155.4702017,0.633957499,0.571231518,0.830785263,0.901056489,1.310474699,1.165433624
149.8661205,89.99464333,82.13680819,141.2605957,0.58145591,0.637082428,1.060919499,1.095667647,1.824591481,0.931362847
104.5184691,74.67710261,57.39403878,129.3286037,0.44378457,0.577421394,0.808162047,1.301129946,1.821068379,1.042004781
216.4761206,141.8833231,84.7420209,150.6516207,0.562503214,0.941797522,1.436931907,1.674297138,2.554531014,0.656864625
145.7465744,139.1554991,97.61151483,179.4036137,0.5440889,0.775656054,0.812394864,1.425605364,1.493128906,0.972316997
231.6476571,198.0048981,134.5523023,239.8314142,0.561028682,0.825600344,0.965877043,1.471583129,1.721617937,0.871363878
101.1591164,131.2132604,87.05010994,142.6502537,0.610234526,0.919824935,0.70914081,1.507330209,1.162079134,0.988501158
140.4333325,101.5026753,77.02278929,143.34299,0.537332096,0.708110493,0.979701431,1.317826532,1.823269889,0.910843249
170.6623277,184.3591148,138.4086722,183.3960806,0.754698092,1.005251117,0.93056693,1.331991066,1.233032042,0.906437511
79.82315846,100.0656926,90.85234929,139.9754483,0.649059177,0.714880315,0.570265425,1.101410072,0.87860313,1.283169003
111.4472878,103.9880322,97.89598844,162.4912824,0.602469172,0.639960684,0.685866258,1.062229759,1.138425482,1.208656365
91.47030221,105.3036481,83.44592103,157.1283128,0.53106865,0.670176152,0.582137621,1.261938832,1.096162653,1.22259188
112.1956893,83.27241164,75.29468024,136.9901299,0.549635804,0.607871616,0.819005642,1.105953454,1.490087864,1.086033011
110.1511464,67.64277113,71.28708382,127.0529701,0.561081601,0.532398189,0.866970259,0.948878359,1.545176777,1.115561526
98.00570952,90.63482652,100.2143145,175.6100437,0.570663912,0.516114139,0.558087154,0.904409983,0.977961182,1.462169076
85.46839848,107.8310534,80.92212288,142.9209148,0.566202105,0.754480571,0.598011835,1.332528728,1.056180874,1.158011756
190.0562033,184.584822,168.9998029,202.7948918,0.833353352,0.910204495,0.937184372,1.092219156,1.124594231,0.992402512
149.881882,116.834712,83.88507976,146.285275,0.573434884,0.798677188,1.024586254,1.392794909,1.786752572,0.862977257
93.9009644,61.3365494,64.16672146,138.4182799,0.463571152,0.443124632,0.678385575,0.95589346,1.463390403,1.305000296
73.47707646,64.15183327,61.30350552,131.5107819,0.466148133,0.487806645,0.558715228,1.046462722,1.198578708,1.40097228
59.45224325,67.74436083,65.981174,132.9472213,0.496295999,0.509558305,0.447186806,1.026722574,0.901048582,1.563944233
164.5048728,126.362856,134.4525429,208.4176258,0.645111192,0.606296399,0.789304034,0.939832399,1.223516263,1.178783807
111.2657692,166.482078,136.0332164,234.2390523,0.580745247,0.710735791,0.475009474,1.22383402,0.817930886,1.333123812
119.5273299,91.54903335,81.91730871,181.8069045,0.450573145,0.503550916,0.657441093,1.117578626,1.459121788,1.249425606
66.05566488,74.77804594,83.00986868,152.9129316,0.542857087,0.489023689,0.431982202,0.900833204,0.795756769,1.675186991
99.6927128,90.41338977,85.35257082,131.3171788,0.64997262,0.688511515,0.759174951,1.059293105,1.168010663,1.139730639
67.01438357,78.29444561,88.13074582,128.7886878,0.684305022,0.607929523,0.52034371,0.888389686,0.760397327,1.492816609
144.3744199,132.2940414,112.7444698,152.1152602,0.741177904,0.869696053,0.949112007,1.173397167,1.280545469,0.957318115
297.1484198,156.584129,134.9616219,193.1433183,0.698764125,0.810714708,1.538486666,1.160212265,2.201725318,0.723124098
132.1384666,135.6491117,140.5035855,180.2156877,0.779641258,0.752704237,0.733223996,0.965449467,0.940463307,1.197662996
214.7877467,162.3119591,121.7304787,193.4423264,0.629285643,0.839071584,1.110345139,1.333371567,1.764453316,0.835781095
102.204359,100.3105577,104.2336007,149.2358351,0.698448872,0.672161332,0.684851322,0.962362972,0.98053179,1.25160872
92.05560292,147.7228428,108.393418,171.9276639,0.630459436,0.859215087,0.535432174,1.362839604,0.849272997,1.169083739
65.12927673,80.27455779,85.70793822,128.308094,0.667985437,0.625639079,0.507600688,0.936605867,0.759897835,1.471873372
71.16360399,93.79162615,90.74018261,157.4107813,0.576454687,0.595839913,0.4520885,1.03362836,0.784256786,1.504353416
85.55954826,95.09973465,92.76050191,164.0953545,0.565284143,0.579539469,0.521401404,1.025217983,0.922370476,1.421769489
60.32613822,66.07245912,97.10308191,203.9346293,0.476148079,0.323988424,0.295811155,0.680436273,0.621258739,2.381653892
59.29461364,67.77507215,96.67688866,206.686007,0.467747624,0.327913211,0.286882574,0.701047304,0.613327699,2.387374249
58.81901244,68.57381562,92.40557276,220.1833056,0.419675654,0.311439668,0.267136567,0.742096105,0.636531009,2.453740003
58.72708379,68.14916864,91.21967066,218.9227809,0.416675096,0.31129318,0.268254786,0.747088519,0.643798463,2.444448395
55.21672341,68.53935646,90.51477607,219.8417609,0.411726943,0.311766773,0.251165762,0.757217323,0.61002994,2.507808403
55.24982693,63.66422095,78.67546531,220.1293894,0.357405549,0.289212727,0.250987963,0.809200438,0.702249764,2.512780113
53.99380896,64.44394506,77.83929015,214.3225406,0.363187605,0.300686735,0.251927813,0.827910236,0.69365752,2.466796446
49.32394799,65.49732444,74.94704551,214.1272624,0.350011692,0.305880362,0.230348754,0.873914695,0.65811731,2.517602373
50.02818228,64.41934125,77.28686492,211.7849517,0.364930862,0.304173364,0.23622161,0.833509566,0.647305106,2.525802286
51.30262084,66.60949322,77.31284697,207.6671984,0.37229205,0.320751152,0.247042485,0.861557889,0.663571746,2.416885217
56.10800219,63.682662,75.77534489,208.3098976,0.363762576,0.305711168,0.26934871,0.840414017,0.740451954,2.371514044
59.41321103,63.58238268,72.22636016,206.1639186,0.35033463,0.308406937,0.288184331,0.880321015,0.82259733,2.263416683
58.48036298,60.56322213,72.45338446,205.4706543,0.352621569,0.294753634,0.284616619,0.835892244,0.807144668,2.334641036
57.10732841,68.45356126,75.65907522,206.4471264,0.36648161,0.331579143,0.276619633,0.904763388,0.754798129,2.246768101
53.56993936,71.93050015,68.57785857,207.4953745,0.330503071,0.34666074,0.258174138,1.048888105,0.781155033,2.199779014
51.46575425,58.99348837,70.48447221,201.773765,0.349324265,0.292374424,0.25506663,0.836971414,0.730171521,2.464784574
154.2451651,446.7425414,443.7966688,526.1830747,0.843426347,0.849024917,0.293139731,1.006637888,0.347558186,1.613976015
142.2650276,438.689041,434.4026569,479.9071262,0.905180676,0.914112371,0.296442832,1.009867306,0.327495758,1.57380735
124.9388553,427.8729745,436.3527332,478.1646021,0.912557582,0.894823608,0.261288382,0.980566734,0.286325364,1.654301312
107.131338,430.1954295,433.5227354,478.2435533,0.90648945,0.899532104,0.224009999,0.992324956,0.247118154,1.696856259
66.59329193,177.9403174,159.9045997,226.4306001,0.706196952,0.785849251,0.294100232,1.112790487,0.416456387,1.579885893
64.54609499,176.7348907,151.3743192,208.7336486,0.725203245,0.846700529,0.309227072,1.167535494,0.426400563,1.492483823
54.84678016,100.2423103,73.83124792,152.2178006,0.485036886,0.658545255,0.360317781,1.357722009,0.742866763,1.457543196
29.44670372,52.46055522,49.97363858,120.7681469,0.413798173,0.434390662,0.243828398,1.04976457,0.589244741,2.084574526
31.96950364,45.72603206,48.91090838,118.0013063,0.414494635,0.387504457,0.270924998,0.934884131,0.653627272,2.148285782
31.87631871,46.78361069,45.51501945,118.9519265,0.382633731,0.39329847,0.267976481,1.027871925,0.70034725,2.090860584
31.45850299,47.59871633,44.9396426,121.6267679,0.369488094,0.391350664,0.258647858,1.05916989,0.70001676,2.106909552
29.70213718,47.70121507,42.20022647,122.8987777,0.34337385,0.38813417,0.241679679,1.130354481,0.703838336,2.132969689
31.68227239,48.58050515,42.00786552,120.4071726,0.348881754,0.403468532,0.263126122,1.156462118,0.754198577,2.023541211
31.62373029,49.81293781,40.78831122,124.0648427,0.328766074,0.401507282,0.254896791,1.221255215,0.775313548,2.024311134
31.92208634,50.55599667,40.20924619,126.1814228,0.318662171,0.400661171,0.252985627,1.257322667,0.793899149,2.017392535
31.30000835,53.19073078,39.08739607,127.5712148,0.306396675,0.416949316,0.24535322,1.360815406,0.800769852,1.972507432
32.62225346,54.06947997,39.59340529,126.5874474,0.31277513,0.42713145,0.257705279,1.365618329,0.823931491,1.916916944
32.07866559,49.97379841,39.40984499,123.1585104,0.319992868,0.405768129,0.260466495,1.268053666,0.813975939,1.981273292
34.46918463,48.66197276,40.90709505,118.2389163,0.345969807,0.411556316,0.291521486,1.189572926,0.842621178,1.914396675
34.60633009,48.11649115,39.91205224,119.4167533,0.334224898,0.402929152,0.289794599,1.205562943,0.867064662,1.926056233
34.94782856,46.55752433,41.31252664,118.920637,0.347395773,0.391500799,0.293875222,1.126959015,0.845937816,1.965921966
33.76536007,47.29852896,46.21992049,115.6527513,0.399643934,0.408970201,0.291954663,1.023336441,0.730536957,1.996853023
46.21076536,64.91347982,56.42864066,125.0570576,0.45122316,0.519070903,0.369517453,1.150364054,0.818923951,1.633178232
50.00894249,64.22537449,59.9861907,126.1873759,0.475373945,0.508968302,0.396307017,1.070669328,0.833674249,1.62975165
48.11551096,66.46827957,59.40277063,126.3958956,0.469973889,0.525873718,0.380673049,1.118942414,0.809987656,1.621509162
49.86999687,65.43617194,58.42204491,123.5432503,0.472887388,0.529662056,0.403664278,1.120059595,0.853616078,1.578105465
50.08263503,67.36617974,58.15915167,125.2507774,0.464341642,0.537850392,0.399858876,1.158307468,0.861130769,1.561615836
54.26245594,76.52727179,59.48340196,128.9211655,0.46139361,0.593597424,0.420896412,1.286531524,0.912228523,1.440515021
65.74414628,72.89166129,64.98643972,129.9441531,0.500110534,0.560946065,0.50594155,1.121644171,1.011659456,1.406062375
66.95999899,71.03519104,65.59145914,130.9818204,0.500767656,0.542328629,0.511215975,1.082994523,1.020864604,1.424493705
83.24828051,82.48824156,69.30673007,135.7701066,0.510471206,0.6075582,0.613156184,1.190190931,1.201157239,1.237366599
84.18600891,83.19058503,69.77351628,142.238044,0.490540465,0.584868736,0.591867032,1.192294576,1.206561076,1.266673884
83.94999892,83.06846535,71.63813784,143.6368572,0.498744815,0.578322771,0.584460009,1.159556458,1.171861824,1.288929317
82.97772955,81.68599441,71.83878272,144.279227,0.497914941,0.566166011,0.575119033,1.137073755,1.155054783,1.312481004
82.59170759,83.57593653,71.50758967,145.6706242,0.490885448,0.573732261,0.566975724,1.168770153,1.155006175,1.306982566
85.03106609,89.05913061,72.28178946,146.6795356,0.492787144,0.60716807,0.579706404,1.232110208,1.176382969,1.25774644
84.72776508,86.56571084,71.52626893,146.482144,0.488293433,0.590964253,0.578417019,1.210264594,1.1845685,1.272718717
82.21911513,72.33100146,61.96015079,139.3026834,0.44478792,0.51923624,0.590219177,1.167379365,1.326967641,1.302249643
82.43496352,72.14930931,61.61531275,142.6788192,0.431846248,0.505676384,0.57776595,1.170963939,1.337897348,1.321571258
83.50367661,75.26134202,63.43665947,141.8761166,0.44712712,0.530472244,0.588567538,1.186401407,1.316331555,1.293186483
83.25745416,73.5452617,64.08211787,140.9141645,0.454759946,0.521915323,0.590838078,1.147672145,1.299230689,1.307351606
83.78011766,71.73051508,66.7142226,139.0132555,0.47991267,0.515997664,0.602677186,1.075190751,1.25580595,1.322915832
68.41110354,69.39419587,63.99153927,136.5544578,0.468615527,0.508179645,0.500980376,1.084427671,1.069064822,1.455285086
64.54760166,68.76424531,63.34557549,130.9078613,0.483894358,0.525287363,0.493076588,1.08554141,1.018975693,1.45713559
65.03071428,68.25550487,61.39016822,125.6045188,0.48875764,0.543415997,0.517741837,1.111831208,1.059301777,1.402955896
45.07770217,51.38194565,55.85381061,124.459686,0.4487703,0.412840072,0.362187176,0.91993626,0.807065833,1.869315311
45.26585254,49.42852868,55.39539175,119.0868817,0.465167875,0.41506275,0.380107799,0.892285931,0.817141121,1.842583174
46.40809336,50.61801012,52.66500699,118.0948234,0.445955254,0.428621752,0.392973138,0.961131746,0.881194099,1.759937009
46.58375246,48.84598769,52.32515214,118.3079154,0.442279386,0.412871679,0.393750091,0.933508756,0.890274573,1.788049169
46.04195567,48.95135393,51.95801023,114.5706584,0.453501891,0.427259078,0.401865157,0.942132959,0.886137777,1.753056814
34.60536292,34.62719605,45.74980308,113.8890314,0.401705085,0.304043292,0.303851587,0.75688186,0.756404631,2.305834666
34.5883784,34.43142998,47.84843044,117.1683043,0.408373499,0.293863005,0.295202517,0.719593718,0.722873835,2.390860518
34.50196565,38.66555015,47.3781329,120.6749301,0.392609574,0.320410794,0.285908313,0.816105401,0.728225524,2.296826142
34.49633496,35.63422595,49.13564415,120.4322513,0.407994068,0.295886073,0.286437683,0.725221508,0.70206335,2.417888767
31.22008356,35.61883586,48.22972437,121.7363621,0.396181745,0.292589948,0.256456518,0.738524558,0.647320381,2.54292092
33.2163555,36.21088834,51.97126493,124.4916224,0.41746797,0.290870081,0.26681599,0.696748259,0.639129249,2.541695127
36.45259363,35.33761739,50.788936,123.6568764,0.410724721,0.285771551,0.294788246,0.695773926,0.717727058,2.429938705
37.59826562,35.81273395,51.3559166,125.9328317,0.407804033,0.284379645,0.298558089,0.697343876,0.732111665,2.415016133
35.80175866,36.02227528,48.97035495,127.1384507,0.385173444,0.283331086,0.281596625,0.73559351,0.731090446,2.451948129
34.41718223,36.04861807,49.67152544,124.4259789,0.399205422,0.289719385,0.276607687,0.725740105,0.692895616,2.470666673
34.65332329,35.70300187,49.83394086,118.7255197,0.419740768,0.300718851,0.29187763,0.716439464,0.695375936,2.395796826
36.37564223,34.97949809,50.44585613,119.8738669,0.420824467,0.291802534,0.30344931,0.693406769,0.72108286,2.386929971
38.41412184,37.90596749,51.16358139,129.1972657,0.396011333,0.29339605,0.297329217,0.740877915,0.750809869,2.363215881
40.15641284,41.11094135,53.01911085,128.3967113,0.412932001,0.320186872,0.312752659,0.775398544,0.757395064,2.232333314
40.91386571,42.15491864,53.52110792,130.297238,0.410761646,0.323528874,0.31400409,0.787631652,0.764443549,2.212845022
40.22318432,43.62784675,53.30421326,130.8150072,0.407477815,0.333507964,0.307481421,0.818469012,0.754596717,2.195789581
41.30406808,43.13410435,53.82861735,126.9544068,0.423999597,0.339760592,0.325345682,0.801322911,0.767325451,2.141010622
41.26047037,43.05649873,53.74519891,122.3299924,0.43934605,0.351970092,0.337288261,0.801122698,0.767705232,2.088253328
41.09028315,44.16490877,48.66709964,121.0898594,0.401908962,0.364728384,0.339337112,0.907490052,0.844313375,1.99116271
40.60425937,42.56366698,50.34413788,122.1752407,0.412064978,0.3483821,0.332344419,0.845454283,0.806534009,2.074349887
40.29020518,47.21634131,54.44314927,122.3357422,0.445030604,0.385957043,0.329341241,0.867259553,0.740041781,2.020179045
41.62092278,47.82797187,54.08535376,118.3245075,0.45709342,0.404210192,0.351752343,0.884305427,0.769541473,1.927467768
41.99201711,48.66821386,57.174857,121.2730455,0.471455605,0.401311055,0.346260102,0.851217063,0.73444901,1.96831511
42.24996472,47.15390222,56.16766838,123.2984169,0.455542494,0.382437207,0.342664292,0.839520379,0.752211476,2.007363791
41.57633237,46.09220482,57.20129375,123.0773231,0.464759001,0.374497947,0.337806603,0.805789551,0.726842518,2.056366202
42.32132039,46.94747683,58.1142884,124.7941709,0.465681113,0.376199277,0.339128984,0.807847401,0.728242943,2.048962963
40.13141805,46.64193556,55.8843179,125.4746653,0.445383279,0.371723929,0.319836821,0.834615816,0.718115914,2.090030817
39.51148215,42.27817379,56.64495749,119.7286219,0.473111246,0.353116683,0.330008661,0.746371357,0.697528675,2.15642892
37.92723212,43.07872488,55.12555826,120.0269662,0.459276444,0.358908721,0.315989259,0.781465553,0.688015384,2.162217829
40.58597554,41.25253829,57.981326,119.9433817,0.483405797,0.343933427,0.338376115,0.711479732,0.69998357,2.174095049
40.96357192,41.01760388,57.56695611,119.8817932,0.480197656,0.342150403,0.341699693,0.712519936,0.711581343,2.164506029
39.9315116,38.85434533,58.0006742,121.5010329,0.477367746,0.319786132,0.328651622,0.669894719,0.688466335,2.278349365
39.25326393,38.46372004,56.82320668,122.9978275,0.46198545,0.312718695,0.319137864,0.676901609,0.690796353,2.313793266
39.4485338,38.88010714,57.05760188,125.1775,0.45581356,0.310599805,0.31514077,0.681418529,0.691380859,2.326544923
40.48384635,41.47124093,53.2770008,124.3503627,0.428442665,0.333503176,0.325562752,0.778407949,0.759874725,2.167374466
36.69294608,35.00289322,49.54505245,127.1992747,0.38950735,0.275181547,0.288468202,0.706486147,0.740597583,2.465196431
34.99684676,33.02217296,49.21868563,130.3122528,0.377698064,0.253408043,0.268561444,0.670927566,0.711047975,2.639422608
35.68454776,31.94316249,50.6449564,123.9060079,0.408736891,0.257801563,0.287996913,0.630727416,0.704602201,2.581056843
34.36295935,37.60189042,52.04821891,128.8723265,0.403874287,0.291776299,0.266643432,0.722443365,0.660213934,2.514012687
33.70002986,41.61126832,49.19687697,132.1886331,0.372171766,0.314787038,0.254938939,0.845811175,0.685003438,2.408476742
32.19651755,42.26142175,49.51995036,131.6067867,0.376272011,0.321118863,0.244641772,0.853422135,0.650172654,2.432604754
32.03145083,42.96137825,50.44228455,131.2246001,0.384396558,0.327388144,0.244096387,0.851693745,0.635011898,2.422456745
32.77687439,42.4506774,52.78542007,135.1875846,0.390460561,0.314013136,0.242454767,0.804212174,0.620945601,2.498725536
31.27716389,44.5816975,49.77286205,139.4637769,0.356887381,0.319665066,0.224267294,0.895702913,0.628397938,2.494588444
27.89168445,42.39132928,47.54305496,138.0411796,0.344412117,0.307091908,0.202053362,0.891640836,0.586661595,2.640527557
27.43745702,42.63701169,47.46613169,136.7021607,0.347222981,0.311897131,0.200709754,0.898261775,0.578042829,2.628179647
28.20426786,42.12328105,49.11267878,136.9347085,0.358657635,0.307615808,0.205968729,0.857686489,0.574276716,2.645441085
27.0632281,40.10364228,49.49787373,141.1913837,0.350572906,0.284037462,0.191677618,0.810209394,0.546755367,2.839037405
29.5724809,39.31936805,50.0631064,138.8564622,0.360538542,0.283165561,0.212971585,0.785396091,0.590704074,2.742263003
26.16618354,39.85579341,47.07191032,137.6515734,0.341964201,0.28954114,0.190089971,0.846700148,0.555876814,2.797909003
26.96136979,41.16487264,44.15860196,130.9341209,0.33725817,0.314393776,0.205915537,0.93220507,0.610557594,2.570121537
25.80840901,42.50971339,48.10555336,128.8951883,0.373214501,0.329800623,0.20022787,0.883675801,0.536495419,2.590831473
26.75998908,41.41935776,45.77884332,128.2715201,0.35689016,0.322903772,0.20861988,0.904770736,0.584549262,2.552831195
28.24127149,38.37703644,45.99305214,122.0365183,0.376879419,0.314471742,0.231416562,0.834409431,0.614033428,2.522273165
27.98361605,39.07961447,47.10596266,121.8312988,0.386649105,0.320768266,0.229691519,0.829610781,0.59405677,2.519074315
27.87634319,38.197185,48.92435573,123.8969299,0.394879484,0.308298075,0.224996238,0.780739663,0.569784574,2.615590394
27.8567047,37.76171078,49.74592055,122.493654,0.406110186,0.308274833,0.227413452,0.759091607,0.559979681,2.624866408
27.42880255,39.95995681,48.95933203,117.1029611,0.418087908,0.3412378,0.234228087,0.816186724,0.560236454,2.464243217
28.1454823,40.80472363,47.41500222,113.5242438,0.41766411,0.359436207,0.24792486,0.86058677,0.593598671,2.334137279
28.16200372,41.49643223,49.21609695,113.2569315,0.434552625,0.366391987,0.248655895,0.843147564,0.572211237,2.332424297
27.36747135,43.53471632,46.51890831,112.9762131,0.411758432,0.385344093,0.242241005,0.935849914,0.588308547,2.249509171
24.79824715,42.11612632,45.77658894,116.1048957,0.39426924,0.362742037,0.213584854,0.920036361,0.541723351,2.419233361
22.61913258,43.32418615,47.78256125,116.7014619,0.409442696,0.371239447,0.193820473,0.906694514,0.473376311,2.494324313
22.2286753,42.20762122,49.60994234,117.3970629,0.422582483,0.359528767,0.189346094,0.850789564,0.448068961,2.591815704
24.00402257,40.62056841,55.4565368,114.0138094,0.486401929,0.356277618,0.210536098,0.73247575,0.43284388,2.622381723
23.5420298,39.42569115,56.05272414,117.1554957,0.478447245,0.33652447,0.200946867,0.703367976,0.41999796,2.750746212
23.79897564,38.33387191,57.07951478,117.2034574,0.48701221,0.32707117,0.203056942,0.671587207,0.416944253,2.805005388
22.965088,38.54968619,54.91749799,114.4301833,0.479921437,0.336883898,0.200690826,0.701956345,0.418174331,2.752959488
25.37764144,37.57510374,53.32488604,113.7479775,0.468798542,0.330336456,0.223104111,0.704644802,0.475906154,2.653940874
23.88786724,38.67533382,51.59238908,114.536943,0.450443217,0.337666894,0.20856037,0.749632543,0.463011457,2.655384144
23.94064317,37.97433317,51.04298708,112.8125719,0.452458323,0.336614373,0.212216092,0.74396769,0.469029039,2.64646082
25.46142197,39.60333498,46.87193539,113.8366427,0.411747345,0.347896196,0.223666311,0.844926386,0.543212516,2.46997892
27.69781793,37.51579992,46.48770722,110.3986547,0.421089436,0.339821169,0.250889089,0.807004737,0.595809507,2.405730078
26.30442327,34.98337653,45.96197403,114.9090061,0.399985829,0.304444166,0.228915245,0.761137381,0.572308388,2.624845085
26.22990212,37.50830004,46.58194658,115.102546,0.404699533,0.325868552,0.227882901,0.805211091,0.563091585,2.536696787
26.77713265,36.17895933,44.89720727,114.5304592,0.392011065,0.315889411,0.233799225,0.805817589,0.596409761,2.532362817
26.10643057,37.64196245,46.03797503,110.7711906,0.415613255,0.33981726,0.235678884,0.817628543,0.567062964,2.459813624
26.1930957,39.43132873,45.97474608,110.1018227,0.417565713,0.358135113,0.237898838,0.85767366,0.569727903,2.378330479
28.6261668,40.00923376,41.69348622,107.9202409,0.386336112,0.370729656,0.265252992,0.959603943,0.686586069,2.179833233
28.97193375,40.41614653,38.06901845,108.9506727,0.349415176,0.37095821,0.265917897,1.061654547,0.761037057,2.118803266
28.3532832,41.26235708,37.61318503,107.8024794,0.348908348,0.382758887,0.26301142,1.097018427,0.753812345,2.088836128
27.48569019,43.62186539,38.1414585,108.3223383,0.352110738,0.402704244,0.253739816,1.143686348,0.720625044,2.059750129
28.58378016,44.44968197,39.77059822,115.2967517,0.344941186,0.385524148,0.247914878,1.117651832,0.718716374,2.123237012
26.76050191,44.83228083,41.7101456,118.8526102,0.350940089,0.377209056,0.22515704,1.074853137,0.641582558,2.242722655
27.28837726,43.70673062,41.96086268,121.6303291,0.344986838,0.359340725,0.224355039,1.041607055,0.650329272,2.304260063
25.26093294,43.63582824,43.05275252,121.9683348,0.352983031,0.357763581,0.207110583,1.013543286,0.586743738,2.395193685
25.61551759,42.97338645,43.71533413,121.4681532,0.359891321,0.353783155,0.21088258,0.983027748,0.585961839,2.408312097
25.36237048,43.12755802,42.15525058,120.914258,0.348637549,0.356678846,0.209755002,1.023064919,0.601642029,2.380926834
31.01384568,56.27873867,50.35032582,124.9348154,0.403012768,0.450464816,0.248240217,1.117743287,0.615961172,2.008018694
33.99823418,52.76856916,51.62919064,123.3825261,0.418448157,0.427682678,0.275551452,1.022068495,0.658507983,2.017035433
33.4637372,50.06465736,53.5720434,122.2350235,0.438270815,0.409577026,0.27376554,0.934529545,0.624649259,2.104758122
34.67090529,50.06632171,52.33606025,124.9218627,0.418950367,0.400781101,0.277540733,0.95663146,0.662466856,2.091854185
34.21213241,47.24657564,55.14955788,123.5228087,0.446472667,0.382492724,0.276970163,0.856699083,0.620351889,2.193410267
34.41366412,49.81035806,54.75014263,122.8889569,0.445525326,0.405328187,0.280038703,0.909775859,0.628558438,2.109126291
34.16456133,48.86764191,53.6375226,126.8485588,0.422846922,0.385243966,0.269333461,0.911071943,0.636952635,2.17368773
34.50522758,47.41791614,53.3556459,124.7970883,0.427539189,0.379960116,0.276490646,0.888714125,0.646702462,2.174632541
33.62422264,45.9971061,51.34423197,122.965906,0.417548519,0.374063898,0.273443459,0.895857321,0.654878286,2.18923925
33.78448479,46.16347237,51.48448731,120.9890791,0.425530037,0.381550738,0.279235821,0.89664819,0.656207074,2.157322996
34.34486758,48.00777108,51.49868316,117.903139,0.436788058,0.407179753,0.291297313,0.932213566,0.666907685,2.057029683
34.61956785,47.41444095,50.31054737,118.8769182,0.423215441,0.398853214,0.291221949,0.942435402,0.688117495,2.06240641
36.09430915,46.81775518,48.64438009,119.3486916,0.407582014,0.392277071,0.302427355,0.962449415,0.742003682,2.026159559
35.80193244,46.65056839,48.86768419,120.9291819,0.404101669,0.385767667,0.296057013,0.954630226,0.73263002,2.059329485
35.92809968,47.21660628,50.25403719,119.280634,0.421309273,0.395844696,0.301206478,0.93955847,0.714929619,2.03903146
32.9992329,34.76601016,55.82963064,118.9564174,0.469328447,0.292258383,0.277406075,0.622716105,0.591070235,2.579287554
32.87086264,35.24473927,55.47814326,121.241538,0.457583632,0.29069855,0.271118819,0.635290534,0.592501131,2.594408275
33.32667115,35.99798798,57.93979004,122.1919117,0.47417042,0.294602052,0.272740402,0.621299938,0.57519489,2.59837847
33.19037698,37.92413089,60.30409533,129.2482775,0.466575621,0.293420784,0.256795507,0.628881516,0.550383466,2.665452923
33.15540329,40.68760838,58.66857156,127.7570935,0.45921968,0.318476315,0.259519079,0.693516261,0.56513057,2.524621637
30.5976065,42.93168805,57.62377804,131.4595908,0.438338334,0.32657707,0.232752942,0.745034246,0.530989247,2.571537916
32.40504484,42.41119721,58.62626425,132.7990739,0.441465912,0.319363652,0.244015593,0.723416335,0.552739378,2.5586067
31.01310498,42.41597839,58.63670274,132.9423448,0.441068666,0.319055441,0.233282368,0.723369092,0.528902608,2.609034986
29.83393449,44.61638605,59.08336341,131.7804859,0.448346832,0.338565955,0.22639114,0.755142962,0.504946448,2.563640397
32.01243472,42.34176023,58.75746392,135.8439074,0.432536615,0.311694216,0.235656021,0.720619261,0.544823289,2.617221146
31.64745001,40.51089103,58.61330616,133.8452811,0.437918361,0.30266955,0.236448007,0.691155195,0.539936272,2.667170343
31.18061132,41.4144923,58.64051926,133.2476485,0.44008671,0.310808429,0.234004965,0.706243615,0.53172468,2.643265981
31.6459321,42.63214204,57.3718248,132.9400805,0.431561532,0.320686898,0.238046584,0.743084993,0.551593612,2.562154546
28.50354899,42.85021033,58.94239734,130.9490804,0.450116925,0.327228036,0.217668951,0.726984518,0.48358313,2.661268019
30.07582606,42.6485291,56.42400371,130.7116914,0.431667612,0.326279376,0.230092853,0.755857902,0.53303247,2.573219037
30.78248281,42.81669808,45.04260298,126.6996885,0.355506817,0.337938464,0.242956263,0.950582232,0.683408168,2.333481018
27.96283203,42.41284845,45.00728205,126.5861806,0.355546568,0.335051174,0.220899564,0.942355248,0.621295727,2.438249427
27.84330174,46.06470928,43.96806677,124.4285823,0.353359863,0.370210031,0.22376934,1.047685574,0.633261905,2.278462736
29.40389008,46.36378008,42.57062629,118.8246411,0.358264295,0.390186578,0.247456166,1.089102607,0.690708421,2.130133697
29.75608445,47.34121725,45.58030757,116.2695288,0.392022811,0.407167877,0.255923325,1.038633124,0.652827636,2.099293137
29.41556105,44.44477844,46.93256083,108.6511112,0.431956566,0.409059585,0.270734102,0.9469924,0.626762327,2.106457581
29.99479082,43.13607096,49.01714168,109.1929112,0.448904065,0.39504461,0.274695404,0.880020121,0.611924519,2.163382859
31.50981049,43.74574934,49.73188458,109.0575983,0.456014852,0.401125185,0.288928153,0.879631844,0.633593735,2.110003344
31.54788937,42.76242782,49.93877218,106.8800711,0.467241195,0.400097299,0.295170924,0.856297141,0.631731378,2.110323966
31.60895253,43.0757615,46.59286607,107.4605262,0.43358122,0.40085195,0.294144777,0.924514097,0.678407559,2.062716505
32.56968966,41.36822266,46.30527862,104.5756666,0.442792096,0.395581726,0.311446159,0.893380277,0.70336883,2.040643838
32.8464682,39.66132549,50.39961419,104.7141624,0.481306568,0.378757988,0.313677419,0.786937085,0.651720628,2.139270398
34.98903961,38.32297263,48.04058713,108.1652306,0.444140755,0.354300291,0.323477696,0.797720738,0.728322481,2.130698816
33.65022856,40.36823277,49.14341773,109.7466992,0.447789483,0.367830951,0.306617227,0.821437227,0.684735212,2.146628207
35.87489439,39.08998956,49.68939536,112.425442,0.441976429,0.347697006,0.319099429,0.786686762,0.721982913,2.162543698
35.96073809,37.89382031,49.44722956,111.1036481,0.445054959,0.341067291,0.323668383,0.766348704,0.727254862,2.173879055
35.89806675,38.91339229,49.44866643,113.6918073,0.434936058,0.342270857,0.315748932,0.786945232,0.725966327,2.180688303
36.28946663,36.11659541,50.89103739,118.1820127,0.430615762,0.305601458,0.307064212,0.709684795,0.713081684,2.335067607
35.64618359,32.50126891,54.99071081,116.5954974,0.471636659,0.27875235,0.305725216,0.591031984,0.64822191,2.517866801
34.17253474,34.27581978,53.71568957,115.7400317,0.464106401,0.296144897,0.295252509,0.638096989,0.636174179,2.47567268
35.41219549,32.98332463,51.48347475,118.0613287,0.436073991,0.2793745,0.299947459,0.640658479,0.687836158,2.478887552
36.22313519,35.63243105,51.1372522,118.0686197,0.433114678,0.301794254,0.306797312,0.696799877,0.708351224,2.354805352
36.51902592,33.56992338,52.99114511,117.5343633,0.450856614,0.285617946,0.310709353,0.633500622,0.689153364,2.432987084
39.21837794,34.52986885,53.36071056,121.7109094,0.438421755,0.283703975,0.322225658,0.647102868,0.734967311,2.373908908
36.03736684,36.21251992,54.49598599,121.9979513,0.446695911,0.296828918,0.295393213,0.664498848,0.661284794,2.44282649
35.92094945,36.51744847,54.69156705,121.4340866,0.450380684,0.30071827,0.295806148,0.667697973,0.656791374,2.43138527
36.10654158,36.37676183,55.34791438,120.9224664,0.457714071,0.300827157,0.2985925,0.657238168,0.652355956,2.431875652
35.7280883,35.35619657,55.92502269,121.6473538,0.459730697,0.290645012,0.293702141,0.632207103,0.63885693,2.49805392
35.19142928,37.09506549,54.6570259,121.8066916,0.448719403,0.304540457,0.288912118,0.678687961,0.643859206,2.441171315
34.56153706,36.16659073,55.99123627,120.6200052,0.464195273,0.299839074,0.286532379,0.645933063,0.617266904,2.49704392
35.82394269,37.40347073,54.42206699,114.3747653,0.475822327,0.327025552,0.313215442,0.687285008,0.658261339,2.305104391
35.94879092,37.16279975,55.39996563,118.9460807,0.465756966,0.312434,0.30222762,0.670809076,0.648895545,2.384656724
34.6778154,37.10933655,54.78290539,116.1330011,0.471725563,0.3195417,0.298604316,0.677388983,0.633004313,2.380870418
34.9767076,38.27442311,54.13094953,115.5769044,0.468354381,0.331159788,0.302627136,0.707070972,0.6461499,2.316795007
32.19551444,39.51969573,55.89805545,116.2043829,0.481032247,0.340087824,0.277059381,0.706995895,0.575968416,2.399803862
31.69390258,39.56944497,58.05576868,114.618191,0.506514439,0.345228315,0.276517212,0.681576454,0.545921677,2.423040254
29.96902525,39.40624288,57.29630268,114.0914157,0.502196439,0.34539183,0.262675549,0.687762404,0.523053388,2.47044405
27.2876213,41.35654041,55.74686628,114.263913,0.487878148,0.361938773,0.238812243,0.741863053,0.489491574,2.476696853
26.29662814,41.64890065,54.74087826,115.9950667,0.471924193,0.359057517,0.226704711,0.760837275,0.480383746,2.51283562
25.88615062,40.46429771,52.30156073,115.4941711,0.45285022,0.350357921,0.224133828,0.773672853,0.494940309,2.528931394
26.9350586,41.21065629,52.00046757,115.8775043,0.448753775,0.355639833,0.232444242,0.792505495,0.517977239,2.463514722
28.75821252,41.58069626,50.75464018,116.8081467,0.434512845,0.355974283,0.246200401,0.819249159,0.56661248,2.382220449
28.74912703,42.47180272,52.70807267,118.8119908,0.443625869,0.357470676,0.241971596,0.805793127,0.545440681,2.408281724
29.46866315,43.72577662,58.57986006,116.8486108,0.501331249,0.374208784,0.252195237,0.746430199,0.503051102,2.396745866
30.85742127,43.86442025,58.52551542,117.2414396,0.499187963,0.37413751,0.263195517,0.74949225,0.527247322,2.352283502
28.8341036,44.00441368,61.04217594,120.8859469,0.504956759,0.364015957,0.238523206,0.720885404,0.472363627,2.497691189
29.88420077,43.52550285,57.61859106,119.6060665,0.481736359,0.36390715,0.249855226,0.755407275,0.518655528,2.414185712
30.99377068,39.94733738,58.12989517,118.327101,0.491264424,0.337600913,0.261932984,0.687208144,0.533181259,2.487372992
31.48217883,38.16300364,60.4461124,118.5915336,0.509700065,0.321802092,0.265467339,0.6313558,0.520830498,2.570711134
29.40233187,41.73386913,58.23535782,119.6987614,0.48651596,0.348657485,0.245636058,0.716641413,0.504887975,2.501316021
36.1223353,40.47274573,59.35812801,126.0316619,0.470977905,0.321131572,0.286613179,0.681839995,0.608549099,2.420387672
41.43764738,43.98391889,58.93369183,128.8555167,0.457362582,0.341342924,0.321582253,0.746328925,0.703123224,2.198381705
43.53766073,44.01651186,59.58041298,130.5813292,0.456270535,0.337081205,0.333414133,0.73877487,0.730737814,2.171932377
44.26206734,44.85484736,57.84024979,129.8501913,0.44543831,0.345435358,0.340870251,0.775495395,0.765246822,2.106114666
45.0143904,44.89221543,62.37892595,131.7059315,0.473622754,0.340851888,0.341779523,0.71966958,0.721628173,2.158738567
45.73435724,45.99633417,62.78085159,132.5173748,0.473755624,0.34709663,0.345119705,0.732649096,0.728476217,2.129039074
44.7782118,45.89626626,61.01348612,133.6266756,0.456596603,0.343466348,0.335099347,0.752231501,0.733906791,2.146581551
43.72413291,45.86828983,59.59578103,134.5889486,0.442798474,0.340802795,0.324871643,0.769656661,0.733678327,2.16742358
42.73129764,43.81745956,53.42347247,133.4366876,0.400365697,0.328376403,0.320236499,0.820191155,0.79985998,2.159016098
40.76194417,44.90197484,54.09861556,131.6439615,0.410946427,0.341086475,0.309637781,0.830002291,0.753474812,2.168270833
40.59805064,44.00600194,52.67073623,128.6206776,0.409504422,0.342137849,0.31564171,0.83549244,0.770789504,2.142821867
39.95748198,43.34346172,51.79574286,128.3758314,0.40346958,0.337629453,0.311253929,0.836815138,0.771443361,2.162899558
40.20674998,44.24493038,51.59780382,132.8304688,0.388448556,0.333093234,0.302692224,0.857496388,0.779233746,2.183831889
44.23192494,44.06571585,50.53283453,138.7445308,0.364214966,0.317603264,0.318801215,0.872021454,0.875310585,2.143628796
44.31562266,44.16034402,52.88134353,137.5115124,0.384559391,0.32113925,0.322268455,0.835083624,0.838019984,2.151916086
35.24899443,43.54830866,54.23348124,131.1747693,0.413444457,0.331986928,0.268717792,0.802978302,0.649948955,2.352977111
30.67445306,42.61399095,53.61924311,128.88467,0.416024987,0.330636615,0.237999237,0.794751818,0.572079188,2.490214052
28.95266581,41.83161194,50.72801187,126.7764509,0.400137498,0.329963583,0.22837574,0.824625496,0.57074316,2.50768205
31.88372815,41.20304137,52.09908071,127.2390382,0.409458303,0.323823898,0.250581336,0.790859278,0.611982548,2.453769952
32.93601279,35.24523009,46.79583462,126.0251195,0.371321486,0.279668293,0.261344825,0.753170242,0.7038236,2.534728714
33.17750501,34.22465335,51.47615781,128.7464322,0.399825897,0.265829917,0.2576965,0.664864178,0.644521783,2.673840044
31.89159418,34.33770521,51.71291787,127.8485152,0.40448587,0.268581181,0.249448295,0.664006338,0.616704597,2.711208403
30.72154346,35.97929656,50.68580393,128.3180912,0.39500123,0.280391457,0.239417086,0.709849579,0.606117316,2.683682771
31.2236956,38.17611555,49.1827603,128.3938379,0.383061688,0.297336042,0.24318687,0.776209292,0.634850411,2.55874757
31.43463058,38.86656113,49.43739053,133.6933347,0.369782014,0.290714277,0.23512489,0.78617744,0.635847286,2.60494482
33.15942889,43.23796911,48.25794193,133.4887221,0.361513251,0.323907282,0.24840622,0.895976235,0.687128948,2.378964059
33.35575751,45.05767343,49.23994159,135.1464977,0.364344932,0.33339875,0.246811853,0.915063503,0.677412613,2.351465012
31.3130983,46.59168946,54.25998531,135.6659122,0.399952976,0.343429596,0.230810362,0.858674937,0.577093748,2.437923303
33.03952005,46.32650689,54.69702384,131.142181,0.417081853,0.353254052,0.251936637,0.846965769,0.604046029,2.341546025
34.61429068,45.52985785,56.19692504,130.0965506,0.431963221,0.349969754,0.266066168,0.810184148,0.615946347,2.324480066
37.0824064,46.18062487,56.07223987,131.5222871,0.42633261,0.351123949,0.2819477,0.823591584,0.661332711,2.25303504
35.84525137,47.11524193,56.05863949,135.1961178,0.414646814,0.348495524,0.265135212,0.840463528,0.639424212,2.305371504
33.80333892,47.11265729,56.16619471,135.9787958,0.413051126,0.346470617,0.248592722,0.838808068,0.601844919,2.37462306
30.65199404,45.66606386,52.35105713,135.3983683,0.386644668,0.337271892,0.226383777,0.872304522,0.585508598,2.460091761
31.90138909,47.77024799,52.31711221,138.4810029,0.377792702,0.344958853,0.230366537,0.913090306,0.609769686,2.394806008
57.67701886,49.66384125,53.16218408,138.1814001,0.384727496,0.359410465,0.417400741,0.9341949,1.084925683,1.782579197
63.18792463,48.07720292,53.20949716,136.1973079,0.390679507,0.35299672,0.463944006,0.903545523,1.187530948,1.702301603
63.70850555,48.2455505,54.20295007,137.8406795,0.393228982,0.350009523,0.462189433,0.890090861,1.175369707,1.715378937
64.56033207,48.87657659,58.8687453,137.5665745,0.427929135,0.355293986,0.469302462,0.830263603,1.096682658,1.731670248
63.78761314,59.46319511,58.92718633,135.0447571,0.436353011,0.44032213,0.47234424,1.00909612,1.082481909,1.573798551
72.12664427,52.99870847,59.24838,135.3444049,0.437760098,0.391584037,0.532911902,0.894517428,1.217360614,1.555182708
74.54974723,54.15629376,58.98804096,131.4121435,0.448878158,0.412110269,0.567297247,0.918089377,1.263811207,1.479341475
79.58221546,62.54808232,57.29397379,130.5854972,0.438746837,0.478981845,0.60942614,1.091704383,1.389015462,1.32188192
104.2118447,104.617271,64.86974407,128.8661683,0.503388476,0.811828833,0.80868273,1.612728284,1.606478432,0.927724621
102.832521,134.6375606,53.23046023,130.6269014,0.407499984,1.030703164,0.787223152,2.529333017,1.931836031,0.774233792
105.9474111,140.5723873,54.8315555,133.8021432,0.409795794,1.050598921,0.79182148,2.563713285,1.932234279,0.765186812
106.5056843,140.9472561,54.44579663,128.3010589,0.424359682,1.098566584,0.83012319,2.588762858,1.956178271,0.738511554
106.375643,141.1800652,55.48525854,126.1045963,0.439993943,1.119547339,0.843550878,2.544460798,1.91718748,0.733531277
107.1704705,140.9474165,56.36422851,126.824494,0.444426993,1.111358004,0.845029751,2.500653699,1.901391598,0.738313246
107.1419541,140.1816683,57.66588264,124.3266386,0.463825639,1.127527213,0.861777936,2.430929033,1.857978222,0.73584771
90.11399876,140.2203015,56.20323966,126.4334893,0.444528107,1.10904399,0.712738367,2.49487934,1.603359509,0.792920242
89.98629096,139.4219378,56.90769166,128.8531785,0.441647558,1.08202172,0.69836299,2.449966494,1.581267634,0.809739351
90.7468639,139.1058875,57.57197506,128.8537803,0.446800823,1.079563884,0.704262333,2.416208361,1.576233294,0.811066016
91.64584936,138.8413323,54.26870922,128.2255188,0.423228619,1.082790178,0.714723951,2.558404913,1.688742015,0.79177604
84.39548999,134.2715679,54.36089528,129.3797876,0.420165285,1.037809463,0.652308151,2.47000288,1.55250368,0.84027601
75.35779302,133.6302272,54.59848262,129.8103316,0.420601981,1.029426746,0.580522306,2.447508076,1.380217717,0.882389402
73.09399304,133.8625243,53.53959667,130.4568287,0.410400875,1.026105921,0.560292579,2.50025276,1.365232418,0.889058377
66.86915474,130.219936,53.26305539,132.6510822,0.401527485,0.981672624,0.504098072,2.4448454,1.255450974,0.943299992
57.13484436,101.740874,50.45655653,134.6308854,0.374776979,0.755702331,0.424381405,2.016405418,1.132357186,1.164982566
51.37872149,46.86946792,47.89935317,125.7786017,0.380822751,0.372634671,0.408485393,0.978498974,1.07263915,1.76774713
33.27921636,39.00259243,44.75273563,124.7129823,0.358845846,0.312738832,0.266846448,0.871513034,0.74362418,2.344514073
31.67961124,39.5179453,46.03646442,129.3087385,0.356019747,0.30560924,0.244992037,0.858405305,0.688141708,2.462798043
32.57914684,38.29801084,46.29386451,127.4942899,0.363105395,0.300390009,0.255534164,0.827280488,0.703746537,2.451962806
34.09961401,40.42838409,44.79131626,126.2057144,0.354907196,0.320337191,0.270190729,0.902594241,0.761299664,2.29439989
31.54818689,40.74273802,47.03663776,123.240851,0.381664338,0.330594423,0.255988064,0.866191547,0.670715179,2.355447644
28.40628183,42.54250677,48.86858171,120.632679,0.40510235,0.352661543,0.235477501,0.870549242,0.581279031,2.389064903
29.82687963,40.3790592,46.61125487,120.5102394,0.386782527,0.335067455,0.24750494,0.866294188,0.639907244,2.380446684
29.30839279,38.94983421,49.37502625,121.4470856,0.406555876,0.320714441,0.24132644,0.788856982,0.593587387,2.502586418
154.2451651,446.7425414,443.7966688,526.1830747,0.843426347,0.849024917,0.293139731,1.006637888,0.347558186,1.613976015
142.2650276,438.689041,434.4026569,479.9071262,0.905180676,0.914112371,0.296442832,1.009867306,0.327495758,1.57380735
124.9388553,427.8729745,436.3527332,478.1646021,0.912557582,0.894823608,0.261288382,0.980566734,0.286325364,1.654301312
107.131338,430.1954295,433.5227354,478.2435533,0.90648945,0.899532104,0.224009999,0.992324956,0.247118154,1.696856259
66.59329193,177.9403174,159.9045997,226.4306001,0.706196952,0.785849251,0.294100232,1.112790487,0.416456387,1.579885893
64.54609499,176.7348907,151.3743192,208.7336486,0.725203245,0.846700529,0.309227072,1.167535494,0.426400563,1.492483823
54.84678016,100.2423103,73.83124792,152.2178006,0.485036886,0.658545255,0.360317781,1.357722009,0.742866763,1.457543196
29.44670372,52.46055522,49.97363858,120.7681469,0.413798173,0.434390662,0.243828398,1.04976457,0.589244741,2.084574526
31.96950364,45.72603206,48.91090838,118.0013063,0.414494635,0.387504457,0.270924998,0.934884131,0.653627272,2.148285782
31.87631871,46.78361069,45.51501945,118.9519265,0.382633731,0.39329847,0.267976481,1.027871925,0.70034725,2.090860584
31.45850299,47.59871633,44.9396426,121.6267679,0.369488094,0.391350664,0.258647858,1.05916989,0.70001676,2.106909552
29.70213718,47.70121507,42.20022647,122.8987777,0.34337385,0.38813417,0.241679679,1.130354481,0.703838336,2.132969689
31.68227239,48.58050515,42.00786552,120.4071726,0.348881754,0.403468532,0.263126122,1.156462118,0.754198577,2.023541211
31.62373029,49.81293781,40.78831122,124.0648427,0.328766074,0.401507282,0.254896791,1.221255215,0.775313548,2.024311134
31.92208634,50.55599667,40.20924619,126.1814228,0.318662171,0.400661171,0.252985627,1.257322667,0.793899149,2.017392535
31.30000835,53.19073078,39.08739607,127.5712148,0.306396675,0.416949316,0.24535322,1.360815406,0.800769852,1.972507432
32.62225346,54.06947997,39.59340529,126.5874474,0.31277513,0.42713145,0.257705279,1.365618329,0.823931491,1.916916944
32.07866559,49.97379841,39.40984499,123.1585104,0.319992868,0.405768129,0.260466495,1.268053666,0.813975939,1.981273292
34.46918463,48.66197276,40.90709505,118.2389163,0.345969807,0.411556316,0.291521486,1.189572926,0.842621178,1.914396675
34.60633009,48.11649115,39.91205224,119.4167533,0.334224898,0.402929152,0.289794599,1.205562943,0.867064662,1.926056233
34.94782856,46.55752433,41.31252664,118.920637,0.347395773,0.391500799,0.293875222,1.126959015,0.845937816,1.965921966
33.76536007,47.29852896,46.21992049,115.6527513,0.399643934,0.408970201,0.291954663,1.023336441,0.730536957,1.996853023
46.21076536,64.91347982,56.42864066,125.0570576,0.45122316,0.519070903,0.369517453,1.150364054,0.818923951,1.633178232
50.00894249,64.22537449,59.9861907,126.1873759,0.475373945,0.508968302,0.396307017,1.070669328,0.833674249,1.62975165
48.11551096,66.46827957,59.40277063,126.3958956,0.469973889,0.525873718,0.380673049,1.118942414,0.809987656,1.621509162
49.86999687,65.43617194,58.42204491,123.5432503,0.472887388,0.529662056,0.403664278,1.120059595,0.853616078,1.578105465
50.08263503,67.36617974,58.15915167,125.2507774,0.464341642,0.537850392,0.399858876,1.158307468,0.861130769,1.561615836
54.26245594,76.52727179,59.48340196,128.9211655,0.46139361,0.593597424,0.420896412,1.286531524,0.912228523,1.440515021
65.74414628,72.89166129,64.98643972,129.9441531,0.500110534,0.560946065,0.50594155,1.121644171,1.011659456,1.406062375
66.95999899,71.03519104,65.59145914,130.9818204,0.500767656,0.542328629,0.511215975,1.082994523,1.020864604,1.424493705
83.24828051,82.48824156,69.30673007,135.7701066,0.510471206,0.6075582,0.613156184,1.190190931,1.201157239,1.237366599
84.18600891,83.19058503,69.77351628,142.238044,0.490540465,0.584868736,0.591867032,1.192294576,1.206561076,1.266673884
83.94999892,83.06846535,71.63813784,143.6368572,0.498744815,0.578322771,0.584460009,1.159556458,1.171861824,1.288929317
82.97772955,81.68599441,71.83878272,144.279227,0.497914941,0.566166011,0.575119033,1.137073755,1.155054783,1.312481004
82.59170759,83.57593653,71.50758967,145.6706242,0.490885448,0.573732261,0.566975724,1.168770153,1.155006175,1.306982566
85.03106609,89.05913061,72.28178946,146.6795356,0.492787144,0.60716807,0.579706404,1.232110208,1.176382969,1.25774644
84.72776508,86.56571084,71.52626893,146.482144,0.488293433,0.590964253,0.578417019,1.210264594,1.1845685,1.272718717
82.21911513,72.33100146,61.96015079,139.3026834,0.44478792,0.51923624,0.590219177,1.167379365,1.326967641,1.302249643
82.43496352,72.14930931,61.61531275,142.6788192,0.431846248,0.505676384,0.57776595,1.170963939,1.337897348,1.321571258
83.50367661,75.26134202,63.43665947,141.8761166,0.44712712,0.530472244,0.588567538,1.186401407,1.316331555,1.293186483
83.25745416,73.5452617,64.08211787,140.9141645,0.454759946,0.521915323,0.590838078,1.147672145,1.299230689,1.307351606
83.78011766,71.73051508,66.7142226,139.0132555,0.47991267,0.515997664,0.602677186,1.075190751,1.25580595,1.322915832
68.41110354,69.39419587,63.99153927,136.5544578,0.468615527,0.508179645,0.500980376,1.084427671,1.069064822,1.455285086
64.54760166,68.76424531,63.34557549,130.9078613,0.483894358,0.525287363,0.493076588,1.08554141,1.018975693,1.45713559
65.03071428,68.25550487,61.39016822,125.6045188,0.48875764,0.543415997,0.517741837,1.111831208,1.059301777,1.402955896
45.07770217,51.38194565,55.85381061,124.459686,0.4487703,0.412840072,0.362187176,0.91993626,0.807065833,1.869315311
45.26585254,49.42852868,55.39539175,119.0868817,0.465167875,0.41506275,0.380107799,0.892285931,0.817141121,1.842583174
46.40809336,50.61801012,52.66500699,118.0948234,0.445955254,0.428621752,0.392973138,0.961131746,0.881194099,1.759937009
46.58375246,48.84598769,52.32515214,118.3079154,0.442279386,0.412871679,0.393750091,0.933508756,0.890274573,1.788049169
46.04195567,48.95135393,51.95801023,114.5706584,0.453501891,0.427259078,0.401865157,0.942132959,0.886137777,1.753056814
34.60536292,34.62719605,45.74980308,113.8890314,0.401705085,0.304043292,0.303851587,0.75688186,0.756404631,2.305834666
34.5883784,34.43142998,47.84843044,117.1683043,0.408373499,0.293863005,0.295202517,0.719593718,0.722873835,2.390860518
34.50196565,38.66555015,47.3781329,120.6749301,0.392609574,0.320410794,0.285908313,0.816105401,0.728225524,2.296826142
34.49633496,35.63422595,49.13564415,120.4322513,0.407994068,0.295886073,0.286437683,0.725221508,0.70206335,2.417888767
31.22008356,35.61883586,48.22972437,121.7363621,0.396181745,0.292589948,0.256456518,0.738524558,0.647320381,2.54292092
33.2163555,36.21088834,51.97126493,124.4916224,0.41746797,0.290870081,0.26681599,0.696748259,0.639129249,2.541695127
36.45259363,35.33761739,50.788936,123.6568764,0.410724721,0.285771551,0.294788246,0.695773926,0.717727058,2.429938705
37.59826562,35.81273395,51.3559166,125.9328317,0.407804033,0.284379645,0.298558089,0.697343876,0.732111665,2.415016133
35.80175866,36.02227528,48.97035495,127.1384507,0.385173444,0.283331086,0.281596625,0.73559351,0.731090446,2.451948129
34.41718223,36.04861807,49.67152544,124.4259789,0.399205422,0.289719385,0.276607687,0.725740105,0.692895616,2.470666673
34.65332329,35.70300187,49.83394086,118.7255197,0.419740768,0.300718851,0.29187763,0.716439464,0.695375936,2.395796826
36.37564223,34.97949809,50.44585613,119.8738669,0.420824467,0.291802534,0.30344931,0.693406769,0.72108286,2.386929971
38.41412184,37.90596749,51.16358139,129.1972657,0.396011333,0.29339605,0.297329217,0.740877915,0.750809869,2.363215881
40.15641284,41.11094135,53.01911085,128.3967113,0.412932001,0.320186872,0.312752659,0.775398544,0.757395064,2.232333314
40.91386571,42.15491864,53.52110792,130.297238,0.410761646,0.323528874,0.31400409,0.787631652,0.764443549,2.212845022
40.22318432,43.62784675,53.30421326,130.8150072,0.407477815,0.333507964,0.307481421,0.818469012,0.754596717,2.195789581
41.30406808,43.13410435,53.82861735,126.9544068,0.423999597,0.339760592,0.325345682,0.801322911,0.767325451,2.141010622
41.26047037,43.05649873,53.74519891,122.3299924,0.43934605,0.351970092,0.337288261,0.801122698,0.767705232,2.088253328
41.09028315,44.16490877,48.66709964,121.0898594,0.401908962,0.364728384,0.339337112,0.907490052,0.844313375,1.99116271
40.60425937,42.56366698,50.34413788,122.1752407,0.412064978,0.3483821,0.332344419,0.845454283,0.806534009,2.074349887
40.29020518,47.21634131,54.44314927,122.3357422,0.445030604,0.385957043,0.329341241,0.867259553,0.740041781,2.020179045
41.62092278,47.82797187,54.08535376,118.3245075,0.45709342,0.404210192,0.351752343,0.884305427,0.769541473,1.927467768
41.99201711,48.66821386,57.174857,121.2730455,0.471455605,0.401311055,0.346260102,0.851217063,0.73444901,1.96831511
42.24996472,47.15390222,56.16766838,123.2984169,0.455542494,0.382437207,0.342664292,0.839520379,0.752211476,2.007363791
41.57633237,46.09220482,57.20129375,123.0773231,0.464759001,0.374497947,0.337806603,0.805789551,0.726842518,2.056366202
42.32132039,46.94747683,58.1142884,124.7941709,0.465681113,0.376199277,0.339128984,0.807847401,0.728242943,2.048962963
40.13141805,46.64193556,55.8843179,125.4746653,0.445383279,0.371723929,0.319836821,0.834615816,0.718115914,2.090030817
39.51148215,42.27817379,56.64495749,119.7286219,0.473111246,0.353116683,0.330008661,0.746371357,0.697528675,2.15642892
37.92723212,43.07872488,55.12555826,120.0269662,0.459276444,0.358908721,0.315989259,0.781465553,0.688015384,2.162217829
40.58597554,41.25253829,57.981326,119.9433817,0.483405797,0.343933427,0.338376115,0.711479732,0.69998357,2.174095049
40.96357192,41.01760388,57.56695611,119.8817932,0.480197656,0.342150403,0.341699693,0.712519936,0.711581343,2.164506029
39.9315116,38.85434533,58.0006742,121.5010329,0.477367746,0.319786132,0.328651622,0.669894719,0.688466335,2.278349365
39.25326393,38.46372004,56.82320668,122.9978275,0.46198545,0.312718695,0.319137864,0.676901609,0.690796353,2.313793266
39.4485338,38.88010714,57.05760188,125.1775,0.45581356,0.310599805,0.31514077,0.681418529,0.691380859,2.326544923
40.48384635,41.47124093,53.2770008,124.3503627,0.428442665,0.333503176,0.325562752,0.778407949,0.759874725,2.167374466
36.69294608,35.00289322,49.54505245,127.1992747,0.38950735,0.275181547,0.288468202,0.706486147,0.740597583,2.465196431
34.99684676,33.02217296,49.21868563,130.3122528,0.377698064,0.253408043,0.268561444,0.670927566,0.711047975,2.639422608
35.68454776,31.94316249,50.6449564,123.9060079,0.408736891,0.257801563,0.287996913,0.630727416,0.704602201,2.581056843
34.36295935,37.60189042,52.04821891,128.8723265,0.403874287,0.291776299,0.266643432,0.722443365,0.660213934,2.514012687
33.70002986,41.61126832,49.19687697,132.1886331,0.372171766,0.314787038,0.254938939,0.845811175,0.685003438,2.408476742
32.19651755,42.26142175,49.51995036,131.6067867,0.376272011,0.321118863,0.244641772,0.853422135,0.650172654,2.432604754
32.03145083,42.96137825,50.44228455,131.2246001,0.384396558,0.327388144,0.244096387,0.851693745,0.635011898,2.422456745
32.77687439,42.4506774,52.78542007,135.1875846,0.390460561,0.314013136,0.242454767,0.804212174,0.620945601,2.498725536
31.27716389,44.5816975,49.77286205,139.4637769,0.356887381,0.319665066,0.224267294,0.895702913,0.628397938,2.494588444
27.89168445,42.39132928,47.54305496,138.0411796,0.344412117,0.307091908,0.202053362,0.891640836,0.586661595,2.640527557
27.43745702,42.63701169,47.46613169,136.7021607,0.347222981,0.311897131,0.200709754,0.898261775,0.578042829,2.628179647
28.20426786,42.12328105,49.11267878,136.9347085,0.358657635,0.307615808,0.205968729,0.857686489,0.574276716,2.645441085
27.0632281,40.10364228,49.49787373,141.1913837,0.350572906,0.284037462,0.191677618,0.810209394,0.546755367,2.839037405
29.5724809,39.31936805,50.0631064,138.8564622,0.360538542,0.283165561,0.212971585,0.785396091,0.590704074,2.742263003
26.16618354,39.85579341,47.07191032,137.6515734,0.341964201,0.28954114,0.190089971,0.846700148,0.555876814,2.797909003
26.96136979,41.16487264,44.15860196,130.9341209,0.33725817,0.314393776,0.205915537,0.93220507,0.610557594,2.570121537
25.80840901,42.50971339,48.10555336,128.8951883,0.373214501,0.329800623,0.20022787,0.883675801,0.536495419,2.590831473
26.75998908,41.41935776,45.77884332,128.2715201,0.35689016,0.322903772,0.20861988,0.904770736,0.584549262,2.552831195
28.24127149,38.37703644,45.99305214,122.0365183,0.376879419,0.314471742,0.231416562,0.834409431,0.614033428,2.522273165
27.98361605,39.07961447,47.10596266,121.8312988,0.386649105,0.320768266,0.229691519,0.829610781,0.59405677,2.519074315
27.87634319,38.197185,48.92435573,123.8969299,0.394879484,0.308298075,0.224996238,0.780739663,0.569784574,2.615590394
27.8567047,37.76171078,49.74592055,122.493654,0.406110186,0.308274833,0.227413452,0.759091607,0.559979681,2.624866408
27.42880255,39.95995681,48.95933203,117.1029611,0.418087908,0.3412378,0.234228087,0.816186724,0.560236454,2.464243217
28.1454823,40.80472363,47.41500222,113.5242438,0.41766411,0.359436207,0.24792486,0.86058677,0.593598671,2.334137279
28.16200372,41.49643223,49.21609695,113.2569315,0.434552625,0.366391987,0.248655895,0.843147564,0.572211237,2.332424297
27.36747135,43.53471632,46.51890831,112.9762131,0.411758432,0.385344093,0.242241005,0.935849914,0.588308547,2.249509171
24.79824715,42.11612632,45.77658894,116.1048957,0.39426924,0.362742037,0.213584854,0.920036361,0.541723351,2.419233361
22.61913258,43.32418615,47.78256125,116.7014619,0.409442696,0.371239447,0.193820473,0.906694514,0.473376311,2.494324313
22.2286753,42.20762122,49.60994234,117.3970629,0.422582483,0.359528767,0.189346094,0.850789564,0.448068961,2.591815704
24.00402257,40.62056841,55.4565368,114.0138094,0.486401929,0.356277618,0.210536098,0.73247575,0.43284388,2.622381723
23.5420298,39.42569115,56.05272414,117.1554957,0.478447245,0.33652447,0.200946867,0.703367976,0.41999796,2.750746212
23.79897564,38.33387191,57.07951478,117.2034574,0.48701221,0.32707117,0.203056942,0.671587207,0.416944253,2.805005388
22.965088,38.54968619,54.91749799,114.4301833,0.479921437,0.336883898,0.200690826,0.701956345,0.418174331,2.752959488
25.37764144,37.57510374,53.32488604,113.7479775,0.468798542,0.330336456,0.223104111,0.704644802,0.475906154,2.653940874
23.88786724,38.67533382,51.59238908,114.536943,0.450443217,0.337666894,0.20856037,0.749632543,0.463011457,2.655384144
23.94064317,37.97433317,51.04298708,112.8125719,0.452458323,0.336614373,0.212216092,0.74396769,0.469029039,2.64646082
25.46142197,39.60333498,46.87193539,113.8366427,0.411747345,0.347896196,0.223666311,0.844926386,0.543212516,2.46997892
27.69781793,37.51579992,46.48770722,110.3986547,0.421089436,0.339821169,0.250889089,0.807004737,0.595809507,2.405730078
26.30442327,34.98337653,45.96197403,114.9090061,0.399985829,0.304444166,0.228915245,0.761137381,0.572308388,2.624845085
26.22990212,37.50830004,46.58194658,115.102546,0.404699533,0.325868552,0.227882901,0.805211091,0.563091585,2.536696787
26.77713265,36.17895933,44.89720727,114.5304592,0.392011065,0.315889411,0.233799225,0.805817589,0.596409761,2.532362817
26.10643057,37.64196245,46.03797503,110.7711906,0.415613255,0.33981726,0.235678884,0.817628543,0.567062964,2.459813624
26.1930957,39.43132873,45.97474608,110.1018227,0.417565713,0.358135113,0.237898838,0.85767366,0.569727903,2.378330479
28.6261668,40.00923376,41.69348622,107.9202409,0.386336112,0.370729656,0.265252992,0.959603943,0.686586069,2.179833233
28.97193375,40.41614653,38.06901845,108.9506727,0.349415176,0.37095821,0.265917897,1.061654547,0.761037057,2.118803266
28.3532832,41.26235708,37.61318503,107.8024794,0.348908348,0.382758887,0.26301142,1.097018427,0.753812345,2.088836128
27.48569019,43.62186539,38.1414585,108.3223383,0.352110738,0.402704244,0.253739816,1.143686348,0.720625044,2.059750129
28.58378016,44.44968197,39.77059822,115.2967517,0.344941186,0.385524148,0.247914878,1.117651832,0.718716374,2.123237012
26.76050191,44.83228083,41.7101456,118.8526102,0.350940089,0.377209056,0.22515704,1.074853137,0.641582558,2.242722655
27.28837726,43.70673062,41.96086268,121.6303291,0.344986838,0.359340725,0.224355039,1.041607055,0.650329272,2.304260063
25.26093294,43.63582824,43.05275252,121.9683348,0.352983031,0.357763581,0.207110583,1.013543286,0.586743738,2.395193685
25.61551759,42.97338645,43.71533413,121.4681532,0.359891321,0.353783155,0.21088258,0.983027748,0.585961839,2.408312097
25.36237048,43.12755802,42.15525058,120.914258,0.348637549,0.356678846,0.209755002,1.023064919,0.601642029,2.380926834
31.01384568,56.27873867,50.35032582,124.9348154,0.403012768,0.450464816,0.248240217,1.117743287,0.615961172,2.008018694
33.99823418,52.76856916,51.62919064,123.3825261,0.418448157,0.427682678,0.275551452,1.022068495,0.658507983,2.017035433
33.4637372,50.06465736,53.5720434,122.2350235,0.438270815,0.409577026,0.27376554,0.934529545,0.624649259,2.104758122
34.67090529,50.06632171,52.33606025,124.9218627,0.418950367,0.400781101,0.277540733,0.95663146,0.662466856,2.091854185
34.21213241,47.24657564,55.14955788,123.5228087,0.446472667,0.382492724,0.276970163,0.856699083,0.620351889,2.193410267
34.41366412,49.81035806,54.75014263,122.8889569,0.445525326,0.405328187,0.280038703,0.909775859,0.628558438,2.109126291
34.16456133,48.86764191,53.6375226,126.8485588,0.422846922,0.385243966,0.269333461,0.911071943,0.636952635,2.17368773
34.50522758,47.41791614,53.3556459,124.7970883,0.427539189,0.379960116,0.276490646,0.888714125,0.646702462,2.174632541
33.62422264,45.9971061,51.34423197,122.965906,0.417548519,0.374063898,0.273443459,0.895857321,0.654878286,2.18923925
33.78448479,46.16347237,51.48448731,120.9890791,0.425530037,0.381550738,0.279235821,0.89664819,0.656207074,2.157322996
34.34486758,48.00777108,51.49868316,117.903139,0.436788058,0.407179753,0.291297313,0.932213566,0.666907685,2.057029683
34.61956785,47.41444095,50.31054737,118.8769182,0.423215441,0.398853214,0.291221949,0.942435402,0.688117495,2.06240641
36.09430915,46.81775518,48.64438009,119.3486916,0.407582014,0.392277071,0.302427355,0.962449415,0.742003682,2.026159559
35.80193244,46.65056839,48.86768419,120.9291819,0.404101669,0.385767667,0.296057013,0.954630226,0.73263002,2.059329485
35.92809968,47.21660628,50.25403719,119.280634,0.421309273,0.395844696,0.301206478,0.93955847,0.714929619,2.03903146
32.9992329,34.76601016,55.82963064,118.9564174,0.469328447,0.292258383,0.277406075,0.622716105,0.591070235,2.579287554
32.87086264,35.24473927,55.47814326,121.241538,0.457583632,0.29069855,0.271118819,0.635290534,0.592501131,2.594408275
33.32667115,35.99798798,57.93979004,122.1919117,0.47417042,0.294602052,0.272740402,0.621299938,0.57519489,2.59837847
33.19037698,37.92413089,60.30409533,129.2482775,0.466575621,0.293420784,0.256795507,0.628881516,0.550383466,2.665452923
33.15540329,40.68760838,58.66857156,127.7570935,0.45921968,0.318476315,0.259519079,0.693516261,0.56513057,2.524621637
30.5976065,42.93168805,57.62377804,131.4595908,0.438338334,0.32657707,0.232752942,0.745034246,0.530989247,2.571537916
32.40504484,42.41119721,58.62626425,132.7990739,0.441465912,0.319363652,0.244015593,0.723416335,0.552739378,2.5586067
31.01310498,42.41597839,58.63670274,132.9423448,0.441068666,0.319055441,0.233282368,0.723369092,0.528902608,2.609034986
29.83393449,44.61638605,59.08336341,131.7804859,0.448346832,0.338565955,0.22639114,0.755142962,0.504946448,2.563640397
32.01243472,42.34176023,58.75746392,135.8439074,0.432536615,0.311694216,0.235656021,0.720619261,0.544823289,2.617221146
31.64745001,40.51089103,58.61330616,133.8452811,0.437918361,0.30266955,0.236448007,0.691155195,0.539936272,2.667170343
31.18061132,41.4144923,58.64051926,133.2476485,0.44008671,0.310808429,0.234004965,0.706243615,0.53172468,2.643265981
31.6459321,42.63214204,57.3718248,132.9400805,0.431561532,0.320686898,0.238046584,0.743084993,0.551593612,2.562154546
28.50354899,42.85021033,58.94239734,130.9490804,0.450116925,0.327228036,0.217668951,0.726984518,0.48358313,2.661268019
30.07582606,42.6485291,56.42400371,130.7116914,0.431667612,0.326279376,0.230092853,0.755857902,0.53303247,2.573219037
30.78248281,42.81669808,45.04260298,126.6996885,0.355506817,0.337938464,0.242956263,0.950582232,0.683408168,2.333481018
27.96283203,42.41284845,45.00728205,126.5861806,0.355546568,0.335051174,0.220899564,0.942355248,0.621295727,2.438249427
27.84330174,46.06470928,43.96806677,124.4285823,0.353359863,0.370210031,0.22376934,1.047685574,0.633261905,2.278462736
29.40389008,46.36378008,42.57062629,118.8246411,0.358264295,0.390186578,0.247456166,1.089102607,0.690708421,2.130133697
29.75608445,47.34121725,45.58030757,116.2695288,0.392022811,0.407167877,0.255923325,1.038633124,0.652827636,2.099293137
29.41556105,44.44477844,46.93256083,108.6511112,0.431956566,0.409059585,0.270734102,0.9469924,0.626762327,2.106457581
29.99479082,43.13607096,49.01714168,109.1929112,0.448904065,0.39504461,0.274695404,0.880020121,0.611924519,2.163382859
31.50981049,43.74574934,49.73188458,109.0575983,0.456014852,0.401125185,0.288928153,0.879631844,0.633593735,2.110003344
31.54788937,42.76242782,49.93877218,106.8800711,0.467241195,0.400097299,0.295170924,0.856297141,0.631731378,2.110323966
31.60895253,43.0757615,46.59286607,107.4605262,0.43358122,0.40085195,0.294144777,0.924514097,0.678407559,2.062716505
32.56968966,41.36822266,46.30527862,104.5756666,0.442792096,0.395581726,0.311446159,0.893380277,0.70336883,2.040643838
32.8464682,39.66132549,50.39961419,104.7141624,0.481306568,0.378757988,0.313677419,0.786937085,0.651720628,2.139270398
34.98903961,38.32297263,48.04058713,108.1652306,0.444140755,0.354300291,0.323477696,0.797720738,0.728322481,2.130698816
33.65022856,40.36823277,49.14341773,109.7466992,0.447789483,0.367830951,0.306617227,0.821437227,0.684735212,2.146628207
35.87489439,39.08998956,49.68939536,112.425442,0.441976429,0.347697006,0.319099429,0.786686762,0.721982913,2.162543698
35.96073809,37.89382031,49.44722956,111.1036481,0.445054959,0.341067291,0.323668383,0.766348704,0.727254862,2.173879055
35.89806675,38.91339229,49.44866643,113.6918073,0.434936058,0.342270857,0.315748932,0.786945232,0.725966327,2.180688303
36.28946663,36.11659541,50.89103739,118.1820127,0.430615762,0.305601458,0.307064212,0.709684795,0.713081684,2.335067607
35.64618359,32.50126891,54.99071081,116.5954974,0.471636659,0.27875235,0.305725216,0.591031984,0.64822191,2.517866801
34.17253474,34.27581978,53.71568957,115.7400317,0.464106401,0.296144897,0.295252509,0.638096989,0.636174179,2.47567268
35.41219549,32.98332463,51.48347475,118.0613287,0.436073991,0.2793745,0.299947459,0.640658479,0.687836158,2.478887552
36.22313519,35.63243105,51.1372522,118.0686197,0.433114678,0.301794254,0.306797312,0.696799877,0.708351224,2.354805352
36.51902592,33.56992338,52.99114511,117.5343633,0.450856614,0.285617946,0.310709353,0.633500622,0.689153364,2.432987084
39.21837794,34.52986885,53.36071056,121.7109094,0.438421755,0.283703975,0.322225658,0.647102868,0.734967311,2.373908908
36.03736684,36.21251992,54.49598599,121.9979513,0.446695911,0.296828918,0.295393213,0.664498848,0.661284794,2.44282649
35.92094945,36.51744847,54.69156705,121.4340866,0.450380684,0.30071827,0.295806148,0.667697973,0.656791374,2.43138527
36.10654158,36.37676183,55.34791438,120.9224664,0.457714071,0.300827157,0.2985925,0.657238168,0.652355956,2.431875652
35.7280883,35.35619657,55.92502269,121.6473538,0.459730697,0.290645012,0.293702141,0.632207103,0.63885693,2.49805392
35.19142928,37.09506549,54.6570259,121.8066916,0.448719403,0.304540457,0.288912118,0.678687961,0.643859206,2.441171315
34.56153706,36.16659073,55.99123627,120.6200052,0.464195273,0.299839074,0.286532379,0.645933063,0.617266904,2.49704392
35.82394269,37.40347073,54.42206699,114.3747653,0.475822327,0.327025552,0.313215442,0.687285008,0.658261339,2.305104391
35.94879092,37.16279975,55.39996563,118.9460807,0.465756966,0.312434,0.30222762,0.670809076,0.648895545,2.384656724
34.6778154,37.10933655,54.78290539,116.1330011,0.471725563,0.3195417,0.298604316,0.677388983,0.633004313,2.380870418
34.9767076,38.27442311,54.13094953,115.5769044,0.468354381,0.331159788,0.302627136,0.707070972,0.6461499,2.316795007
32.19551444,39.51969573,55.89805545,116.2043829,0.481032247,0.340087824,0.277059381,0.706995895,0.575968416,2.399803862
31.69390258,39.56944497,58.05576868,114.618191,0.506514439,0.345228315,0.276517212,0.681576454,0.545921677,2.423040254
29.96902525,39.40624288,57.29630268,114.0914157,0.502196439,0.34539183,0.262675549,0.687762404,0.523053388,2.47044405
27.2876213,41.35654041,55.74686628,114.263913,0.487878148,0.361938773,0.238812243,0.741863053,0.489491574,2.476696853
26.29662814,41.64890065,54.74087826,115.9950667,0.471924193,0.359057517,0.226704711,0.760837275,0.480383746,2.51283562
25.88615062,40.46429771,52.30156073,115.4941711,0.45285022,0.350357921,0.224133828,0.773672853,0.494940309,2.528931394
26.9350586,41.21065629,52.00046757,115.8775043,0.448753775,0.355639833,0.232444242,0.792505495,0.517977239,2.463514722
28.75821252,41.58069626,50.75464018,116.8081467,0.434512845,0.355974283,0.246200401,0.819249159,0.56661248,2.382220449
28.74912703,42.47180272,52.70807267,118.8119908,0.443625869,0.357470676,0.241971596,0.805793127,0.545440681,2.408281724
29.46866315,43.72577662,58.57986006,116.8486108,0.501331249,0.374208784,0.252195237,0.746430199,0.503051102,2.396745866
30.85742127,43.86442025,58.52551542,117.2414396,0.499187963,0.37413751,0.263195517,0.74949225,0.527247322,2.352283502
28.8341036,44.00441368,61.04217594,120.8859469,0.504956759,0.364015957,0.238523206,0.720885404,0.472363627,2.497691189
29.88420077,43.52550285,57.61859106,119.6060665,0.481736359,0.36390715,0.249855226,0.755407275,0.518655528,2.414185712
30.99377068,39.94733738,58.12989517,118.327101,0.491264424,0.337600913,0.261932984,0.687208144,0.533181259,2.487372992
31.48217883,38.16300364,60.4461124,118.5915336,0.509700065,0.321802092,0.265467339,0.6313558,0.520830498,2.570711134
29.40233187,41.73386913,58.23535782,119.6987614,0.48651596,0.348657485,0.245636058,0.716641413,0.504887975,2.501316021
36.1223353,40.47274573,59.35812801,126.0316619,0.470977905,0.321131572,0.286613179,0.681839995,0.608549099,2.420387672
41.43764738,43.98391889,58.93369183,128.8555167,0.457362582,0.341342924,0.321582253,0.746328925,0.703123224,2.198381705
43.53766073,44.01651186,59.58041298,130.5813292,0.456270535,0.337081205,0.333414133,0.73877487,0.730737814,2.171932377
44.26206734,44.85484736,57.84024979,129.8501913,0.44543831,0.345435358,0.340870251,0.775495395,0.765246822,2.106114666
45.0143904,44.89221543,62.37892595,131.7059315,0.473622754,0.340851888,0.341779523,0.71966958,0.721628173,2.158738567
45.73435724,45.99633417,62.78085159,132.5173748,0.473755624,0.34709663,0.345119705,0.732649096,0.728476217,2.129039074
44.7782118,45.89626626,61.01348612,133.6266756,0.456596603,0.343466348,0.335099347,0.752231501,0.733906791,2.146581551
43.72413291,45.86828983,59.59578103,134.5889486,0.442798474,0.340802795,0.324871643,0.769656661,0.733678327,2.16742358
42.73129764,43.81745956,53.42347247,133.4366876,0.400365697,0.328376403,0.320236499,0.820191155,0.79985998,2.159016098
40.76194417,44.90197484,54.09861556,131.6439615,0.410946427,0.341086475,0.309637781,0.830002291,0.753474812,2.168270833
40.59805064,44.00600194,52.67073623,128.6206776,0.409504422,0.342137849,0.31564171,0.83549244,0.770789504,2.142821867
39.95748198,43.34346172,51.79574286,128.3758314,0.40346958,0.337629453,0.311253929,0.836815138,0.771443361,2.162899558
40.20674998,44.24493038,51.59780382,132.8304688,0.388448556,0.333093234,0.302692224,0.857496388,0.779233746,2.183831889
44.23192494,44.06571585,50.53283453,138.7445308,0.364214966,0.317603264,0.318801215,0.872021454,0.875310585,2.143628796
44.31562266,44.16034402,52.88134353,137.5115124,0.384559391,0.32113925,0.322268455,0.835083624,0.838019984,2.151916086
35.24899443,43.54830866,54.23348124,131.1747693,0.413444457,0.331986928,0.268717792,0.802978302,0.649948955,2.352977111
30.67445306,42.61399095,53.61924311,128.88467,0.416024987,0.330636615,0.237999237,0.794751818,0.572079188,2.490214052
28.95266581,41.83161194,50.72801187,126.7764509,0.400137498,0.329963583,0.22837574,0.824625496,0.57074316,2.50768205
31.88372815,41.20304137,52.09908071,127.2390382,0.409458303,0.323823898,0.250581336,0.790859278,0.611982548,2.453769952
32.93601279,35.24523009,46.79583462,126.0251195,0.371321486,0.279668293,0.261344825,0.753170242,0.7038236,2.534728714
33.17750501,34.22465335,51.47615781,128.7464322,0.399825897,0.265829917,0.2576965,0.664864178,0.644521783,2.673840044
31.89159418,34.33770521,51.71291787,127.8485152,0.40448587,0.268581181,0.249448295,0.664006338,0.616704597,2.711208403
30.72154346,35.97929656,50.68580393,128.3180912,0.39500123,0.280391457,0.239417086,0.709849579,0.606117316,2.683682771
31.2236956,38.17611555,49.1827603,128.3938379,0.383061688,0.297336042,0.24318687,0.776209292,0.634850411,2.55874757
31.43463058,38.86656113,49.43739053,133.6933347,0.369782014,0.290714277,0.23512489,0.78617744,0.635847286,2.60494482
33.15942889,43.23796911,48.25794193,133.4887221,0.361513251,0.323907282,0.24840622,0.895976235,0.687128948,2.378964059
33.35575751,45.05767343,49.23994159,135.1464977,0.364344932,0.33339875,0.246811853,0.915063503,0.677412613,2.351465012
31.3130983,46.59168946,54.25998531,135.6659122,0.399952976,0.343429596,0.230810362,0.858674937,0.577093748,2.437923303
33.03952005,46.32650689,54.69702384,131.142181,0.417081853,0.353254052,0.251936637,0.846965769,0.604046029,2.341546025
34.61429068,45.52985785,56.19692504,130.0965506,0.431963221,0.349969754,0.266066168,0.810184148,0.615946347,2.324480066
37.0824064,46.18062487,56.07223987,131.5222871,0.42633261,0.351123949,0.2819477,0.823591584,0.661332711,2.25303504
35.84525137,47.11524193,56.05863949,135.1961178,0.414646814,0.348495524,0.265135212,0.840463528,0.639424212,2.305371504
33.80333892,47.11265729,56.16619471,135.9787958,0.413051126,0.346470617,0.248592722,0.838808068,0.601844919,2.37462306
30.65199404,45.66606386,52.35105713,135.3983683,0.386644668,0.337271892,0.226383777,0.872304522,0.585508598,2.460091761
31.90138909,47.77024799,52.31711221,138.4810029,0.377792702,0.344958853,0.230366537,0.913090306,0.609769686,2.394806008
57.67701886,49.66384125,53.16218408,138.1814001,0.384727496,0.359410465,0.417400741,0.9341949,1.084925683,1.782579197
63.18792463,48.07720292,53.20949716,136.1973079,0.390679507,0.35299672,0.463944006,0.903545523,1.187530948,1.702301603
63.70850555,48.2455505,54.20295007,137.8406795,0.393228982,0.350009523,0.462189433,0.890090861,1.175369707,1.715378937
64.56033207,48.87657659,58.8687453,137.5665745,0.427929135,0.355293986,0.469302462,0.830263603,1.096682658,1.731670248
63.78761314,59.46319511,58.92718633,135.0447571,0.436353011,0.44032213,0.47234424,1.00909612,1.082481909,1.573798551
72.12664427,52.99870847,59.24838,135.3444049,0.437760098,0.391584037,0.532911902,0.894517428,1.217360614,1.555182708
74.54974723,54.15629376,58.98804096,131.4121435,0.448878158,0.412110269,0.567297247,0.918089377,1.263811207,1.479341475
79.58221546,62.54808232,57.29397379,130.5854972,0.438746837,0.478981845,0.60942614,1.091704383,1.389015462,1.32188192
104.2118447,104.617271,64.86974407,128.8661683,0.503388476,0.811828833,0.80868273,1.612728284,1.606478432,0.927724621
102.832521,134.6375606,53.23046023,130.6269014,0.407499984,1.030703164,0.787223152,2.529333017,1.931836031,0.774233792
105.9474111,140.5723873,54.8315555,133.8021432,0.409795794,1.050598921,0.79182148,2.563713285,1.932234279,0.765186812
106.5056843,140.9472561,54.44579663,128.3010589,0.424359682,1.098566584,0.83012319,2.588762858,1.956178271,0.738511554
106.375643,141.1800652,55.48525854,126.1045963,0.439993943,1.119547339,0.843550878,2.544460798,1.91718748,0.733531277
107.1704705,140.9474165,56.36422851,126.824494,0.444426993,1.111358004,0.845029751,2.500653699,1.901391598,0.738313246
107.1419541,140.1816683,57.66588264,124.3266386,0.463825639,1.127527213,0.861777936,2.430929033,1.857978222,0.73584771
90.11399876,140.2203015,56.20323966,126.4334893,0.444528107,1.10904399,0.712738367,2.49487934,1.603359509,0.792920242
89.98629096,139.4219378,56.90769166,128.8531785,0.441647558,1.08202172,0.69836299,2.449966494,1.581267634,0.809739351
90.7468639,139.1058875,57.57197506,128.8537803,0.446800823,1.079563884,0.704262333,2.416208361,1.576233294,0.811066016
91.64584936,138.8413323,54.26870922,128.2255188,0.423228619,1.082790178,0.714723951,2.558404913,1.688742015,0.79177604
84.39548999,134.2715679,54.36089528,129.3797876,0.420165285,1.037809463,0.652308151,2.47000288,1.55250368,0.84027601
75.35779302,133.6302272,54.59848262,129.8103316,0.420601981,1.029426746,0.580522306,2.447508076,1.380217717,0.882389402
73.09399304,133.8625243,53.53959667,130.4568287,0.410400875,1.026105921,0.560292579,2.50025276,1.365232418,0.889058377
66.86915474,130.219936,53.26305539,132.6510822,0.401527485,0.981672624,0.504098072,2.4448454,1.255450974,0.943299992
57.13484436,101.740874,50.45655653,134.6308854,0.374776979,0.755702331,0.424381405,2.016405418,1.132357186,1.164982566
51.37872149,46.86946792,47.89935317,125.7786017,0.380822751,0.372634671,0.408485393,0.978498974,1.07263915,1.76774713
33.27921636,39.00259243,44.75273563,124.7129823,0.358845846,0.312738832,0.266846448,0.871513034,0.74362418,2.344514073
31.67961124,39.5179453,46.03646442,129.3087385,0.356019747,0.30560924,0.244992037,0.858405305,0.688141708,2.462798043
32.57914684,38.29801084,46.29386451,127.4942899,0.363105395,0.300390009,0.255534164,0.827280488,0.703746537,2.451962806
34.09961401,40.42838409,44.79131626,126.2057144,0.354907196,0.320337191,0.270190729,0.902594241,0.761299664,2.29439989
31.54818689,40.74273802,47.03663776,123.240851,0.381664338,0.330594423,0.255988064,0.866191547,0.670715179,2.355447644
28.40628183,42.54250677,48.86858171,120.632679,0.40510235,0.352661543,0.235477501,0.870549242,0.581279031,2.389064903
29.82687963,40.3790592,46.61125487,120.5102394,0.386782527,0.335067455,0.24750494,0.866294188,0.639907244,2.380446684
29.30839279,38.94983421,49.37502625,121.4470856,0.406555876,0.320714441,0.24132644,0.788856982,0.593587387,2.502586418
